business_id,name,city
tZnPqmwGcLjYeBdwyvhazg,'O' Bar + Kitchen,Santa Barbara
LsniEK_m_Jbj7JMbT4eRxQ,101 Deli,Santa Barbara
VXxZJNSscbm5bpG5ll2rcQ,212° Hotpot,Goleta
CuRjZOmfnXjefwEpyzmTTw,4 Eggs & Pizza,Santa Barbara
KMBCvNByuzXlPoNzHeBhZw,6831 AA Hollister Ave,Goleta
1pd4VYTww1UWDVai2r2RKg,805 Boba,Santa Barbara
TN3tMGLb6AbAnN6rFKmH1A,805 Kabob,Goleta
Stx8fUjg_m0-CAcT2NJCNQ,A Healthy Life,Carpinteria
pGtaxpSxxpmqPs6FAR1W_A,A Piece of Cake,Santa Barbara
uPaVoR6XHk12KT9KTr1WFw,ASIE,Santa Barbara
Ksz_jsyyK3Zjlq_Cz81ZBA,Adama Vegan Comfort Cuisine,Santa Barbara
Ow29cE1wS-_LrfN7jEuDPA,Ahi Sushi,Santa Barbara
OMWhamtXhqlYCj66MqcxuQ,Aksum Restaurant,Santa Barbara
j3rAeZ9rnUwEDEQJQ7OWDQ,Aladdin Cafe,Isla Vista
0cWnURpfrb4MqKSzyVN4SQ,Alcazar Tapas Bar,Santa Barbara
yuHv4P8RUG8rWKnx50azWA,Alchemy Cafe,Santa Barbara
MmN1qpG224QxOeq72DpN2g,Aldo's Italian Restaurant,Santa Barbara
WVNkMz4sEl35swjVtKHOFw,Alessia Patisserie & Cafe ,Santa Barbara
Nv6ruFQa6AG6g8f-_IxFCw,Alito’s,Santa Barbara
NynM3SwsOMFJryABCKuOlg,All India Cafe,Santa Barbara
GpESl2dXOH8rxs0pAbIyAw,Alphie's Restaurant,Goleta
0LXeNx7wGTqbMSwKkGC3xg,Altamirano Mexican Restaurant,Santa Barbara
YXKot5TH9MhC4khAn0JC3w,Altamiranos Restaurant,Goleta
DcRfabRzYkddMEUFyPMBgw,American Ale,Santa Barbara
XkZwD46WcsAlbpg1inwbLQ,American Ale,Santa Barbara
LgSEHsI9DKyeGVGtn61tEg,Ana's Taco Bar,Santa Barbara
PZIVcSuN-G_I6oG6EVKntQ,Anchor Woodfire Kitchen,Santa Barbara
Ss6f5v_t5Vddiaz4ZOxL0g,Andersen's Danish Bakery & Restaurant,Santa Barbara
Slg6Ec2D7vEBRmgVUfwkzQ,Angel Oak,Santa Barbara
2T7622XwGOhJf7O4ND_XBA,Angry Wings,Isla Vista
HE-9l_2RSingLV2RZItdsA,Anna's Marketplace Bakery,Goleta
Hl_vXTiYLozWo7T9Cq17vw,Aperitivo,Santa Barbara
d1sY9JkgkGt3_P2fWZ2eFw,Apero,Santa Barbara
-I7M6l0h46VdiN09Y1NUZw,Apna Indian Kitchen,Santa Barbara
OrU9wTeHJSLMwyGqYg4FAA,Arch Rock,Santa Barbara
c-W17u2jiFOD2H_d6uo-bQ,Area 5.1 Winery,Santa Barbara
U2hkeMI-q4cS35QolJYN0A,Arigato Sushi,Santa Barbara
n0Z10UAJO187H8Zp8gl-rw,Arlington Tavern,Santa Barbara
e76uCbhmK8oqAtYAkxB2Qg,Armada Wine & Beer Merchant,Santa Barbara
yIAgFdYQY3UdfDn-qO0K7g,Arts & Letters Cafe,Santa Barbara
zYTQOpgMSMaFNkcCAvJR3Q,Arturo's Taqueria,Santa Barbara
TZ-bgvsk189WywTLFrqfTQ,Ascending Health Juicery,Santa Barbara
ugkzb_3jAcK0RZLxIeK7gA,Asian Cafe,Goleta
gLNf3zUydIKc_cvUll-6gw,August Ridge Vineyards,Santa Barbara
vyNMRa4U9gnrCzqR707GZA,Back Door Deli,Santa Barbara
kwtKZ3fzM5jlR8Z7KIA17g,Backstage Dueling Piano Bar,Santa Barbara
2swMZVA832zkmdPBrddPRQ,Backyard Bowls,Goleta
hVKH5oED9NgGaZeIiF547A,Backyard Bowls,Santa Barbara
34Eqv8jXgxg_EEwcsNgeeg,Backyard Bowls,Santa Barbara
29t8lDBLiwkEd1HA356dOw,Bagel Cafe,Goleta
w8fA94jzTNiGAIZz87y9Cw,Baja Fresh,Goleta
8FgcWn7bdMC-TMrE4Q3xMg,Bangkok Palace,Santa Barbara
apmw_lkLdwWbeYiI9ysdJg,Bar 29,Santa Barbara
IoAubn7CpU2rqcURxUo1MA,Barb's Pies,Santa Barbara
6HTGlttrzCMsuGBHO1ZGiw,Barbareño,Santa Barbara
pQh2GzkAnbLKiDqEpxcylQ,Barbieri & Kempe: Wine,Santa Barbara
svKDkmALJNcToJxEsU_bpw,Barcliff & Bair,Santa Barbara
0nR7jHCkFEzmA1n2b5g1nw,Basil's Italian,Santa Barbara
Tfo88MgUweNHyOMfQ6TYGw,Bay Roadhouse Bar and Grill,Santa Barbara
ZTg2GBgQj1WwAO5ySsTAQw,Beach Bowl,Carpinteria
RdFgbrE_8sf6NImEMopaPQ,Beachbreak Cafe,Santa Barbara
-kOUmMiIimNSBIDdFN0x-Q,Beachside Bar-Cafe,Goleta
n67s7eDowWHlfhVtCElxGQ,Belcampo Meat Co Restaurant,Santa Barbara
UGADjVkBITKPU7I6sMO1oQ,Bella Dolce Bakery,Santa Barbara
MX2YGruhd0sMNHZGK7p5-Q,Bella Vista,Santa Barbara
VOcGcN0bvGU_nzxbJgR5jQ,Bettina,Santa Barbara
n_fADQa8T0dgLd-D8ABEhQ,Bevmo,Goleta
oinV9xrSkR3b_T8sK1nsqg,Bibi Ji,Santa Barbara
AXC__4yZrn-N3BT7-2bV_Q,Biergarten,Santa Barbara
RW3nH6Au6pSCWxJhiGY03Q,Big Eye Raw Bar,Santa Barbara
GQue4Nouo2Mg5R2GotVS7w,Big Yellow House,Summerland
lbHEB5BIm-3GfpvdzSwFLw,Billies,Santa Barbara
-TArOdux8Z4oH-jIM1FJuQ,Bistro 1111,Santa Barbara
_cWBP-lW9RETw77prVle1g,Bitterman's Deli,Santa Barbara
xRapA2lG7mjJ6eOqHmxe-A,Blackbird,Santa Barbara
4F3wxihvRNXK9cuxlOOJBg,Blaze Pizza,Goleta
grBPIq_eJCT_SGuhvMrUZQ,Blaze Pizza,Santa Barbara
W_TgYTkBkPhK7Qdx29j9GQ,Blend Me Tender,Isla Vista
z9-8KvMAlVK46De-G3sNJQ,Blenders In The Grass,Santa Barbara
dQ6d9H7rnFSOSC_FXbJ_FQ,Blenders In the Grass,Santa Barbara
vmq2cm0Ayol4toVsL4dZfA,Blenders In the Grass,Isla Vista
od_MWVpghkvSsl1HKasM9A,Blenders In the Grass,Santa Barbara
Gz3vi3dVKMylBb8HV1tP8Q,Blenders In the Grass,Santa Barbara
FY_FkUeQxVqAjc9V0IAc2Q,Blenders in the Grass,Goleta
VJKpVv_l1g943WK6fxwZKQ,Blind Tiger,Santa Barbara
ut45DX7-QaOWLzYRlBSbGA,Blue Agave,Santa Barbara
OFfJsY9KeOyelk46m_jzzw,Blue Tavern,Santa Barbara
H4Zf42Q3I8JyQ-V5l4dJrg,Blush Lounge,Santa Barbara
skY6r8WAkYqpV7_TxNm23w,Boathouse at Hendry's Beach,Santa Barbara
RzgQioExrGZDkY3vNuziOQ,Bobcat Room,Santa Barbara
xUd0QOyVzx9SQhWulcOPAw,Book Ends Cafe,Santa Barbara
cyaDjqjhtRbpd5Og5dFoZg,Boondocks,Santa Barbara
uI15YInpDsGBUZcNfm_TfQ,Borrello's Pizza & Pastaria,Carpinteria
ejqpFQ0dwO7AZhxTO9fySg,Bossie's Kitchen,Santa Barbara
tthy48ZIX_wfY8Dy0Dvg6w,Bouchon,Santa Barbara
HA_Hks9YjRqz3Yk6JDAaIQ,Bougainvillea,Santa Barbara
CUWituEeIX3xA0xU7X82Ow,Brasil Arts Cafe,Santa Barbara
d0E938M2_4kcuULUdnj-Xw,Brass Bear Brewing & Bistro,Santa Barbara
opcGJ-lCNTLhRRuGxVkCnw,Brasserie Solera,Santa Barbara
7wcHZ80HLJVwUijAH_efJQ,Breakwater Restaurant,Santa Barbara
0RxU5OglQyPVtLKC1LPgsA,Bree'osh,Santa Barbara
_Uyinj5wLMJ7x2cCfHO1Yg,Bristol Farms - Santa Barbara,Santa Barbara
AqOSpSqdocwtIjqTECW2ng,Broad Street Oyster Company,Santa Barbara
U3grYFIeu6RgAAQgdriHww,Brophy Bros - Santa Barbara,Santa Barbara
Ey0t4U6yqtxCeMaGPf7GcA,Brummis - the German Taste,Santa Barbara
64Rl3pT4Md4-8ckeaNVZCQ,Bucatini,Santa Barbara
7kLn2XsFwyJ-yFn4qx40TQ,Buena Onda at Mosaic Locale,Santa Barbara
Tc1L4BH_2pkCywkAEfCQRg,Burger Express,Santa Barbara
sCJEbsv0KEsx_IifiFjGDQ,CHOMP on the Rocks,Santa Barbara
o4IiNbNybcy-L4vzTSoDJw,Ca' Dario,Santa Barbara
9xW7LsJpyhVZFRb6z9xorg,Ca' Dario Goleta,Goleta
4ejnTeRzv8z102DBIWjQLg,Ca' Dario Pizzeria,Santa Barbara
T_TX4Lx03Juo4pHF5cMYuA,Ca'Dario Pizzeria Veloce,Santa Barbara
Q0NVfooo9liiTgElEOVA6g,Cabo's Baja Grill & Cantina,Carpinteria
0iLgVQpBeIYYwQZIblTTVw,Cafe 154,Santa Barbara
cQDwJjslebJv5Co7gCm2Yw,Cafe Ana,Santa Barbara
GgcvRnt5_z3NEC0D6vNncQ,Cafe Buenos Aires,Santa Barbara
QpsBZDw-fE5r5_M6Vto_qA,Cafe Equilibrium,Goleta
m2iS4YYmcq6pFpaGCtO-Iw,Cafe Int'l,Isla Vista
EWl5aixg4hCcuVYpz4BLKQ,Cafe Los Arcos,Santa Barbara
CrWrO6KT5KKg_EdhAgKsaw,Cafe Luck,Santa Barbara
9RDKqyqXJcupSnA2vCIs_A,Cafe Luna,Summerland
n_RyzuCAiR4yW2JLkl0Jng,Cafe Shell,Santa Barbara
Qh4SE3580B-nnH3DwuAXOA,Cafe Zoma,Goleta
3RtMd3VZ21WL5auDr6Jp9A,Cafe Zoma,Santa Barbara
nkLla0nBTUPL6yj-zX6eaw,Cafe del Sol,Santa Barbara
e8NRt-1C8eI85C59pKhJuA,Caffe Luxxe,Santa Barbara
vsrryxBR2Jykl71qa1H6SQ,Caffe Primo,Santa Barbara
XXsofYxziipczzc3OFDD5Q,Caffè,Santa Barbara
acqDz7WDsCS3WiLxHVceOg,Café Lido,Santa Barbara
9Ekfby4OgzWs96RO8M4tnQ,Caje,Carpinteria
SswXHqlzhpbAQS9HVAoBww,Cajun Kitchen,Goleta
uGo0TCVNOcDQxMArUU0Jrw,Cajun Kitchen Cafe,Goleta
4uspKB1d3pGdgjOClA-UkQ,Cajun Kitchen Cafe,Santa Barbara
3VrqxApK-iwfRohlAuIt0g,Cajun Kitchen Cafe,Goleta
jtECV91z0BVPyeu90wnCjQ,Cajun Kitchen Cafe,Carpinteria
0iHHsSqphxrBWWecYEJcuQ,Cajé Coffee - Arlington St,Santa Barbara
r_UPGh9GHMyBhPVMKVxRuw,Cajé Coffee Roasters,Santa Barbara
nMn4CTJQPXqpgLltYQrxMA,Cajé Coffee Roasters - Haley St,Santa Barbara
5RsVAkDnMrcSbErS6P1eew,Cajé Coffee Roasters - Isla Vista,Isla Vista
VeFfrEZ4iWaecrQg6Eq4cg,Cal Taco,Goleta
IXQH9-nnTWZFgBF0V3MH-A,Cali-Forno Pizzeria,Santa Barbara
4haTJpBzX-7ilN77LWAIDw,California Crisp Cafe,Santa Barbara
TUtf4FLtotdQDleYpRIfnw,California Pizza Kitchen at Santa Barbara,Santa Barbara
9L-MR0arflwFMF9szEBOOg,California Wine Festival,Santa Barbara
7o-p4IlitJ-SbSCZ84vHqQ,Campus Point Coffee,Goleta
sXaIwcg_nV79tPMenha6hw,Cantina,Isla Vista
mAqgsZBTN-wsShMpkz2o9g,Cantwell's Market & Deli,Santa Barbara
xdEND5C5s4FqCqgf0p7EBg,Carl's Jr,Goleta
Sa1G0j7YGs0mSa-mU4tvgg,Carl's Jr,Carpinteria
Fg68C3AwFu74dXMhgX3qIw,Carl's Jr,Santa Barbara
ArIXofDAcFztX8Ry0_81sw,Carl's Jr.,Carpinteria
FYc3iwBUhGhxJAtJ6oRvJQ,Carl's Jr.,Santa Barbara
CkENBnSJFfPA1hY0qrqfCg,Carlitos Cafe Y Cantina,Santa Barbara
g9MWxLxQdADqja0qN1HKkQ,Carp Kitchen & Grocery,Carpinteria
6KtMnjvgO1F79P7tCnEKOA,Carpinteria and Linden Pub,Carpinteria
Y-qMi8FQYC6-wq-4wBA54Q,Carrillo Dining Commons,Isla Vista
lNkxXDcNoHBpWDNPoZesYw,Caruso's,Montecito
dinxDxiWFUkEpxpIzaGHMQ,Casa Blanca Restaurant,Santa Barbara
YHOr_9eSbIGhcecc4Uow6Q,Casa Don Roge,Carpinteria
IQFb8aeU7QW-BxpFhGMnlg,Ca’Dario - Montecito,Montecito
Vg0oTgDyRwi73D5zRywrlg,Centennial Beer Hall,Goleta
Hlx8S2GLF7hMuIKx4sU-gg,Cesar's Place,Santa Barbara
FEBwxZMEpxRwVXx9Fm0XZw,Chad's,Santa Barbara
wrtx446YNQoQa5U7UI6j5w,Chad’s,Santa Barbara
3cnjGli5iwGsUF06Dne9Yg,Challwa,Santa Barbara
yghgUguk26YykduF52CDdg,Chamomile Cafe & Bakery,Carpinteria
POSwCH5XrPTMRILJaNAjAQ,Champagne Room,Santa Barbara
2pBNVsJo3a3CPbInUu9lvQ,Char West,Santa Barbara
Q54wPRfbmO8egJeVTmSkYQ,Che Argentinian Empanadas,Carpinteria
yE8r8JXplgnr4XxRivkdLw,Chef Karim's Restaurant,Santa Barbara
6aUb_f9C7a2oOxaIfRGSdA,Chicken in a Barrel BBQ-Goleta,Goleta
zxW8zECvT_SqejieMMjb5A,Chilango's Mexican Restaurant,Santa Barbara
idi-W3_au-lXyJQmHTmhAg,Chilangos,Santa Barbara
IZJacI6XEUxy3_wbW76Qfw,Chili's,Goleta
11RNOheZvab_FDcLtsZUug,Chilitos Restaurant,Goleta
lTVHJAvtFQbQb6cPstEXyA,China Bowl & State Street Cafe,Santa Barbara
w4P_EBFH6MdfbUwM-xJQdQ,China City Restaurant,Goleta
odpuyU1jGDhhQ54d3dG3sQ,China King,Goleta
UA3HxLprLSOO9J6l1iR2Cg,China Palace,Santa Barbara
B_q2xoAgTyn6U4YNEc3kSw,China Pavilion,Santa Barbara
OPQkUsUdLN_PPAW6IyEJLQ,Chino's Rock & Tacos,Santa Barbara
wFNDV56dxETK8lpJKdCbCQ,Chino's Rock & Tacos,Isla Vista
tS47dXDlx9t-6B_F56cKUA,Chipotle Mexican Grill,Santa Barbara
fLk_N8vU25DNZmbU-70gkw,Chipotle Mexican Grill,Santa Barbara
bRlpi6k7wTSHHEapcLz_KA,Chipotle Mexican Grill,Goleta
OzGk7arJv6FPrWqaYSvyKQ,Choi's Oriental Market,Santa Barbara
IG-CwPl5mb6-hmpFjXUIvA,Choppa Poke,Santa Barbara
bLnC1_-Kd_Z5qhHNQXCUfQ,Choppa Poke,Goleta
crlk8kaurC4zrPUTt7BevQ,Chubbies Hamburgers,Santa Barbara
9dp3hVDlQ0VtjPW_7ISoXg,Chuck's Waterfront Grill,Santa Barbara
ERzIS-WRLw-80_B4yqcG3Q,Chuck's of Hawaii,Santa Barbara
C5x1e9G5lwcfZ54_6bMbNA,Cielo,Carpinteria
sc-MRSa8K0BTE5m3tmgrQw,Clementine's Steak House,Carpinteria
S4ujTsHtCOsHKrKkcjY30Q,Coast & Olive,Montecito
2YnQAJdeFrcgPa8MqIYcDg,Cody's Cafe,Santa Barbara
ZcbhsniFmXZFW8ccPvsSLA,Coffee Collaborative,Isla Vista
0qu0fNTOsSmuREYVIMPuIQ,Cold Spring Tavern,Santa Barbara
L8rhRyXtpq2nCE0il1KN_g,Coral Tree Cafe,Santa Barbara
f3eve2cxUIzyanWnHdMtFQ,Corazon Cocina,Santa Barbara
9MsMKG0v3NstaPqKGYFVOw,Corazon Cocina,Santa Barbara
MAIfD4kJDCydgoD1l2b_vw,Corks n' Crowns,Santa Barbara
0it-2gWk_gyuZyEMQzBBuQ,Corktree Cellars Wine Bar & Bistro,Carpinteria
-BdYhP-12elmFV7oB1iv4A,Corner Tap Room,Santa Barbara
eUIsUpG6KAonYxGoExzy2Q,Costa Kitchen & Bar,Santa Barbara
ssZSQ7HzLFBbm41gWubXKQ,Costa Terraza,Santa Barbara
qyLw23TAfWNJMSuIJBpc8A,Costco Food Court,Goleta
BseHdXex5Od2Or_TyUIoWQ,Courthouse Tavern,Santa Barbara
GUuLWkqfieTDwORs8z8mDg,Courtyard Cafe,Goleta
1ONK4BD8Fuh1mfBCrB2aOQ,Crazy Jim's Tacos Y Más,Santa Barbara
vyyr3G874jpRYSQo2KPZow,Cristino's Bakery,Goleta
dutm97q2F4a6RV6YQ0uLHw,Crush Bar and Tap,Santa Barbara
6E9KjyDAdL_vDQCWwhj_KA,Crushcakes & Cafe,Carpinteria
UuRZpgZsHX7PyykHV3wbZg,Crushcakes & Cafe,Santa Barbara
rH80UXr5YBv4um7phwwwMw,Crushcakes & Cafe,Isla Vista
SBs30RyeoiEU2LjeiH1YFQ,Crushcakes & Co,Montecito
2N9WHETHcYJsfYpHQ-qN_A,Crushcakes Cafe & Simply Pies,Goleta
RjOnk_W82F2brYtpDZ59MA,Cubaneo,Santa Barbara
YrNtBUOUOYwmRZ_UVwH8iQ,D'Angelo's Bakery,Santa Barbara
lqwbnNd_SXzkIK_pkU2FkA,D'Vine,Santa Barbara
OqZFZcjKqYwVSGEYb5GhNQ,Dang Burger,Carpinteria
jWgZRpdHy8csA1sUz1auSw,Daniel's Bakery and Mexican Food,Santa Barbara
Gg2ZHe57Ztuv8JaFj0mNhw,Dank Bowl Kitchen,Isla Vista
8MoqZqlNN9AXzG91_Hpc_Q,Dargan's Irish Pub & Restaurant,Santa Barbara
3DSgJFIaXjdknbZn3LSnPQ,Dart Coffee Co,Santa Barbara
_ecVi-tVoaKHKYxNkxFj7w,Dave's Dogs Grill,Santa Barbara
2bl6G1zgXUHbMGwEocqMSg,Daves Dogs - Cart,Santa Barbara
hdCu74rz33m3EgDmdDn1SA,Dave’s Dogs,Santa Barbara
MbzgGsMQpGyVrUJXi_Jw0Q,Dawn Patrol,Santa Barbara
6RBrYMiAf8jFJI4fDoQpcw,De La Guerra Dining Commons,Santa Barbara
aOLFlIQibMg_lT2X4qKM2g,Dean: A Coffee Shop,Goleta
hJr6xw5Jn20ag2rHopI4eg,Deano's Pizzarama,Santa Barbara
-FRHYI6doGCjIsXiKHkUqw,Deja Vu Cafe IV,Goleta
FE5R_F7svUphKeUWuxA0JA,Del Pueblo Cafe,Santa Barbara
qdCGZDlBuetCWcV9rrU05Q,Del Valle Grill,Goleta
4VW4_ghjdYw0Wl40Voa9cw,Delgado's Mexican Foods,Carpinteria
AodOl1tvAKi6QHKCnyWwng,Denny's,Goleta
icGg8xgDJVufg-xptMrDGw,Denny's,Santa Barbara
W7gSJz80DywKnPRIGjA2Bw,Derf's Cafe,Santa Barbara
Yucf_GqN-tVJl7XF1JAhMQ,Dickey's Barbecue Pit,Goleta
g5J9OJ5e8SgLYd2DL8_K9w,Disfruta,Goleta
uRz7uwSoU5n0uzBac_UcxQ,Dish Cafe,Goleta
n-l92t6SSJn_hqtpaJXdwA,Dogtown,Isla Vista
A263bVzMdU_-TIMhewOrjQ,Domingo's Cafe,Goleta
OyFxR5E2HBy-K2-0AxCtFg,Domino's Pizza,Santa Barbara
GIFnN4Uk3wg3uOh0g2JxIw,Domino's Pizza,Carpinteria
rUePoREIOze59D3fd6B6ew,Domino's Pizza,Goleta
Qsoq2TGOe59LZy7z6KbQjA,Domino's Pizza,Santa Barbara
vTXNVK73GOvVb3js4w8SLg,Domino's Pizza,Santa Barbara
d-5kMts7CzenaPgDzesQDg,Domino's Pizza,Goleta
ZmQHzv1pf0fbk-tm8lu0EA,Downey's,Santa Barbara
df_UStxBFDYNSd-ngoR1-w,Draughtsmen Aleworks,Goleta
lq7dE9c10OvRfd_edJoyMg,Due Lune Cucina,Santa Barbara
-jrT-2bTSDaqJtzHRpY9ag,Dumpling King,Isla Vista
-kY_HDP7IMvGl-kBIZVU4A,Dune Coffee Roasters - Anacapa,Santa Barbara
qUH2FppY7RL96F5tXzA0hQ,Dune Coffee Roasters - State Street,Santa Barbara
pWDE_rueENu_f5HKA_AsWw,Dune Coffee Roasters - Storke,Goleta
tiSIiacOzflrMMwJEXVFIA,Dunkin',Santa Barbara
INaAIFXWueRVjgmuNtJTEw,Dutch Garden Restaurant,Santa Barbara
FyK0sYez1ImnovyzJ_iGZw,East,Santa Barbara
zu4p6IZLSVn2Noto-vcwzw,East Beach Grill,Santa Barbara
tf6S06LD09IFDHUpOPqPaw,East Beach Tacos,Santa Barbara
D5n8XvQqC_vzOCi63wNChQ,Eastside Deli,Truckee
-kfHz1kimX62QEceFkkB_g,Edomasa,Santa Barbara
bBA62rVklEG2WUnvi8RtrQ,El  Sitio,Santa  Barbara
DqVpNtgFCP47n6frh-LREA,El Paseo Mexican Restaurant,Santa Barbara
PrJEYGjlhaF0BSZk_Q-uPg,El Pastorcito,Santa Barbara
qJqTXdv2ukMDUYGb-oAG-w,El Pollo Loco,Goleta
xv_nZ8E7DFiKDjFi9syKsQ,El Pollo Loco,Santa Barbara
WIH1ptTMD7aII_qfeVeaRg,El Rincon Alteno,Santa Barbara
vi5xjfEhV6rnXrC_GbdhnA,El Rincon Bohemio,Santa Barbara
oH1xQrw8SBPhUQUlqjNZPQ,El Rincon Bohemio-Goleta,Goleta
Pf_7rI6TnV8M_btOBBLg5w,El Sitio,Goleta
fI8StEUxDaZYWiMss8gS4Q,El Sitio,Isla Vista
Ifw5wqcChnL4zBigtR7NKA,El Sitio,Goleta
2OJqIloZMAZXCW3uzF8jJw,El Sitio,Santa Barbara
2Y0L3Hf6U-76jGvviKy5pA,El Taco Grande,Carpinteria
b0TBL7gSg2mduoFDgFQHoA,El Taco Tequila Taqueria,Santa Barbara
7yR4oQcapZBKCkRLB3Isig,El Torito,Santa Barbara
2h3SEwpI6fiuTF9mcN1S_Q,El Zarape,Santa Barbara
B3kpvT4oLJdQmU9lPnxdKA,Eladio's Restaurant,Santa Barbara
ZY4M_fKW8aSUpsUzeh5fuA,Elements Restaurant and Bar,Santa Barbara
4a_3ninzpidm2MwMcdRJ-g,Elephant Bar Restaurant,Goleta
mYofSuxrIrPS2Gjsu-ZI4w,Eller's Donut House,Santa Barbara
xGaYXbXGwagUKPNEaVqbWw,Eller's Doughnut House & Bakery,Santa Barbara
TI3Rydw47yBMzY1oW2wJUg,Elsie's,Santa Barbara
ZJzlns_dFkapVajmdFHGuw,Embermill,Santa Barbara
SAQgO7Ij2cdnMp8VQKBffA,Emilios Ristorante & Bar,Santa Barbara
z31te0YMSegTdktp3qYqGw,Empress Palace,Santa Barbara
bPVPZeqMuYtU_yGCb4P-jg,Empty Bowl Gourmet Noodle Bar,Santa Barbara
a32M9H9nkkPGKTKB5W27NA,Enterprise Fish,Santa Barbara
hoDYuaDkTNvqAZdxruZADQ,Epic Bowl,Santa Barbara
IUgQmteI-mbt_qjL2ZENKA,Epiphany Restaurant,Santa Barbara
AQw0B8j9QV1RkFLLFiwkuw,Esau's Cafe,Carpinteria
kxxexMsFL4xJLIafhXXFlw,Esau's Cafe,Santa Barbara
LDrs5hQmJw0mzlIi5Wu9aA,Euphoria Hookah Lounge,Santa Barbara
NIQWO-Q_F598XlAvZnFVCA,Eureka!,Santa Barbara
2-cH9tqCu3yHRJJoKTYjHw,European Deli,Goleta
Ch6O9z9_hHDACROLTr2JUQ,European Deli Market,Santa Barbara
qvXw3V4_9Pu4E7Qoi7-cKA,Fala Bar,Santa Barbara
7IdIGemGZodDAA_9mJCigA,Farmer Boy,Santa Barbara
uozdxwCZUHPubziu76Y2Ag,Farmer Boy,Santa Barbara
WQ0cLxAeRpkp6bZP89nDVg,Fat Burger Restaurants of,Santa Barbara
4lWMnL-wLekry77FwaruSQ,Fat Mo's Burgers,Isla Vista
PBXFaKio7FJ-4JehJGh_gg,Fattes Pizza,Santa Barbara
mMuvlDGcJrokNFd4ob9tcw,Feast: The Cafe at Field + Fort,Summerland
EEwmN2uP1PmOyxpTstSIxA,Fernando's Churros,Santa Barbara
92Z2WFvC86Qy3TOI-oBGVg,Fiesta Market & Deli,Carpinteria
v4lz71o76wWD8H15NsbZGA,Figueroa Mountain Brewing Co.,Santa Barbara
-FM4CxOg4XXmX_Ebky_SiQ,Finch & Fork,Santa Barbara
5YKOs_VGFHgUv7DSMLaQeA,Finestra Cafe,Santa Barbara
EZc2myE2mYk2h9JK9qu8gw,Finney's Crafthouse,Santa Barbara
0YI4tyK4MrTAveuj2js4OA,Firehouse Subs,Isla Vista
gkqfm6mTim9Rwopwjayc8w,Five & 1/4,Santa Barbara
agXY9uFaWAhIzwWsRZB6gQ,Flagstone Pantry,Santa Barbara
fzDcZVrT5XQmd1t_W0AguQ,Flaming Grill,Goleta
TVX2a4bVuCE2VUIkiLdZrQ,Flavor of India,Santa Barbara
DQgX6IbCPg3SKdFAgWK1uw,Flightline Restaurant,Goleta
O0kQGkmlllaN7oU6sQyzPA,Flir Cafe,Goleta
0ac5lGA_0wdKDnib3y59Xg,Flor De Maiz,Santa Barbara
yLqFm4epPkbkPpan9gmEjA,Folded Hills Montecito Tasting Room,Montecito
bvULUymFuaL_4Az8Vyxalg,Fosters Freeze,Carpinteria
OCW1gs6Rjn90_x5EV0PuaA,Fox Wine,Santa Barbara
qVitsouI4aBiYx1_Fjn0Pg,Foxtail Kitchen & Bar,Santa Barbara
LIqjZ2fGRbjjMy0ezyuKSQ,Frankland's Crab,Santa Barbara
Rl42JbSMsmNW3LRjsTMYAg,Freebirds,Isla Vista
3fH5YQKRJu55TFPnMhv1ZQ,Freeman's Flying Chicken,Santa Barbara
1kVnChI4aqsPw9i2PVqkkw,Fresco Cafe,Santa Barbara
uLRQINpcDXof3b3QowTzfg,Fresco Cafe North,Goleta
fnGZspqyamRremXor0sAyg,Frog Bar & Grill,Santa Barbara
Xw_5QkLTyIEg6Hs-kXGNbg,Galanga Thai Restaurant,Santa Barbara
lmKb382_WPMU4svBenUwHA,Gandolfos New York Deli,Santa Barbara
7wSnkgOORRCqVDa_n8Upxg,Garrett's Old Fashioned Restaurant,Santa Barbara
5ZXMarIwfGjOxo9KD5oFQQ,Gaucho Cafe,Goleta
OJ9DJLWvQV0h-ZU07QEKag,Gelato n More,Santa Barbara
ghLjxj4HoSHdflBEz2lIqA,Gelson's,Santa Barbara
3xJ_6qxRA0sdUm3ThCPiCw,Giannfranco's Trattoria,Carpinteria
L9CFXQbU79r6PK8Cy9aAgA,Gimeal Cafe,Goleta
Af_vfa_cMTsDlTvfnIBM2w,Gina's Pizza,Goleta
UjgqSqa4Biy34pHSEdwj_g,Gino's Sicilian Express,Santa Barbara
9Ujw_PoR_Vv67gf4vsAk-g,Giovanni's,Santa Barbara
ByKCIpZWHYUTuCJcoZ-ONQ,Giovanni's,Goleta
MnAn9IDCGMTXFqUqJ5P53Q,Giovanni's Pizza,Santa Barbara
FAc2Mv92KL00cbLdpAc0kQ,Giovanni's Pizza Carpinteria,Carpinteria
XHxAIQR-QAz6j1RMaz_J1A,Giovanni's of Santa Barbara,Santa Barbara
jMlE4wvspc0J-oN-SYUjQw,Glass House-Cocktail Garden,Santa Barbara
_urnEsYdKg1wt057-8yA9Q,Globe,Santa Barbara
zJpZ-uQ_F0XVgK1u98uWSg,Gloria's Gourmet Kitchen,Santa Barbara
cBZJKUdFNSKHLI27Efy-uQ,GoToCafe,Goleta
B1yPXzIIJrLWyTcE4jsYuQ,Goat Tree,Santa Barbara
u3uB0GD7cVf5NC-AFHdwnQ,Golden Line Coffee Bar,Santa Barbara
cbX2XHrun39yJBND451_oA,Goleta Bakery,Goleta
hDr_bt6MEwlGvGCCKzyzhg,Goleta Coffee Co and Loca Vivant Kitchen,Santa Barbara
EPkF-beh6gg_s3HtlAdfiw,Goleta Sushi House,Goleta
iJp9sq8UddLSrUtIieoD0A,Good Cup,Santa Barbara
wuzoQhym6ll3fjAiVgIJbw,Good Cup,Santa Barbara
S8saWaZlToeNoloR2fMrAQ,Grassini Family Vineyards,Santa Barbara
zWwGjQlUEiLS7hCXDkBGzg,Greek House Cafe,Santa Barbara
5GUA13zYgw4_8F6qUMU_LA,Green Star Coffee,Santa Barbara
XgehM3pBZWuXi45J2dqRJQ,Green Table,Santa Barbara
9kfN12wVGnKo54AaRjz0vQ,Guicho's Eatery,Carpinteria
-ipZBVF9nWm1vzrvQ3444A,Habit Burger Grill,Santa Barbara
cMd6d7T9ycU8DX0mVybNHA,Haggen Food & Pharmacy,Goleta
ng12rnK6ZGFddlC15c6Pqg,Haggen Food & Pharmacy,Santa Barbara
y_s6hHqKycP4L_pV0JlLjg,Haggen Food & Pharmacy,Carpinteria
Js3m_GdqNUGnEgXJ8WMtfQ,Hana Kitchen,Santa Barbara
-9r8nAzWyRSLxBWt8uQOdA,Hana Kitchen,Isla Vista
EvC-VdZwoUToLcjUtcntqQ,Hanamura,Isla Vista
qcWH6YUyPFXUYka3rV8m8w,Hanamura Cantonese Dim Sum,Isla Vista
Y0izXh4Dv1_YU68tn43Xiw,Handlebar Coffee Roasters,Santa Barbara
PWWGbkPC_agn-4s1Hv1W5A,Handlebar Coffee Roasters,Santa Barbara
n6reYUBVF9buglcojgB0FQ,Harbor Market & Deli,Santa Barbara
Slihcg1bmYvw-V_FUFghLg,Harbor Meat & Seafood,Santa Barbara
AgiBcv5rKdV9QIO5yF7w8g,Harbor of Santa Barbara Inc,Santa Barbara
IDtLPgUrqorrpqSLdfMhZQ,Helena Avenue Bakery,Santa Barbara
to6wzDW0qBkrY6zttmngZg,HeliCafe,Goleta
upxQiiUF-6NM9jOJCxS_hg,Hennings Cake Boutique,Santa Barbara
2WHu0k5VVM1Pn9AFzkSBlA,Here's the Scoop,Montecito
gebiRewfieSdtt17PTW6Zg,Hibachi Steak House & Sushi Bar,Santa Barbara
rsEy48n_jB0I-Mofec1NJA,Highway Karaoke and Fresh Tea,Goleta
BwUWmUFKCuJ-nN9vFwMt2Q,Himalayan Kitchen,Santa Barbara
FBqYnP7H3TMHYQvafuBTSA,Hiwi Tropical Fusion,Goleta
SaUbh0sMSev8gKNJYtC76g,Hob Nob,Santa Barbara
PUDTWmMzevJdvsueEmnYqw,Hochaya,Goleta
YiSr-W5BBX6uXnhWPxk82Q,Hoffmann Brat Haus,Santa Barbara
1hRWfuA-8THwYsDYgj-oIg,Holdren's Grill,Goleta
cAbdvzqtFLaAAMFIyPf2AA,Holdren's Steaks & Seafood,Santa Barbara
06pNHtxgPhGhZpM0Z2uzNw,Hollister Brewing Company,Goleta
bFWH7wlto7jjjwce5ZV--A,Home Plate Grill,Goleta
C-zgOpqD2K0xDJU4ty7zKg,Honor Market,Santa Barbara
3tvi-OJ_-iK1ecjzSaH-oA,Hook And Press Donuts,Santa Barbara
c7GJVA-6lQxcH6QkrRiW0w,Hot Spots Espresso Company,Santa Barbara
nx01nL2of3ngBwA6XZYqEg,Hotdog Mini Mart,Santa Barbara
VZhRxX3BzU09qK4UlXrN4g,Hugos Restaurant,Carpinteria
XkveGZ8pr9TL5bZCqmzuhA,Hustle & Grind Coffee Company,Santa Barbara
BZq27sUTa_hruRKXr1x54g,I'a Fish Market and Cafe,Santa Barbara
T2otvNcawDSkhykOG2tOLA,IHOP,Santa Barbara
mNmUN0HghVFeAYTJ5GwxoA,IHOP,Carpinteria
EzhRlsTdACV60rOgrGYyqA,IHOP,Santa Barbara
F6KHs4GDw_9tpuv65M6PGA,IV Deli Mart,Goleta
p73i2GDzPRZJbYBa8qtpSQ,IV Drip,Isla Vista
zNbRWVCKNe6gBShmnuAQNw,Ice Milk Company,Goleta
kZtl_NJjUnlIQgzFrBhXyQ,Ichiban,Santa Barbara
PR9GKW_tKuQGIAB_aeFPJw,Ike's Place,Goleta
04Ss49U_QKYLotcJMAH8cA,Ike’s Love & Sandwiches,Santa Barbara
CYwC5OjwCN6ib_AQDxi3Ow,In-N-Out Burger,Goleta
uXxrl2LRH2mB1uw0GJF4GA,Indo-China Market,Goleta
sj2o49ZCq2iJlZxDNrHDaA,Institution Ale Company,Santa Barbara
PPcz-0UtIJ8O7xDT551y2g,Intermezzo By Wine Cask,Santa Barbara
_ywevgEtI1SpZBtY3rILRg,Isabella Gourmet Foods,Santa Barbara
4NozMd-0ufrS7sUZ95948w,Island Brewing Company,Carpinteria
V4lqQdll3_TAEtkrHDYbAA,Italia Pizza & Pasta,Goleta
1pYZMmpdy2MviWBbagMwbA,Italian & Greek Delicatessen,Santa Barbara
oq4-qHT6EJeR81GBDq1OVg,Italian Grocery & Deli,Santa Barbara
aOVpnuzdFEIp87NpGyNDkA,Itsuki,Goleta
c1oDGw0j9-Lxus_Xs7go8g,Itsuki Restaurant,Santa Barbara
5t5fKwgnfaT-ScmfTcxwHg,JJ’s Diner,Santa Barbara
IofBnKUFeC1Z2uyFOTxNDw,JR's BBQ,Goleta
NAWO3P0rl396h0kdRXwuFA,JSB Cafe at Santa Barbara City College,Santa Barbara
h8DlM-VbvCNzpsTqihgUAw,Jack in the Box,Santa Barbara
Wy8Hswf2cLQGRZN6armkag,Jack in the Box,Goleta
fHUAs1ec568wu-a_mRq7Rw,Jack in the Box,Santa Barbara
Dp9Jxlocw7cnos9fE7HKIQ,Jack's Bistro & Bagels,Santa Barbara
jrSC1bwN2lz9dVBrNTejSg,Jack's Bistro & Famous Bagels,Carpinteria
YgbIbmfDlB-bZSsjuIfKwA,Jack's Bistro and Famous Bagels,Santa Barbara
KU4zXPo6v8c3N_l14wivQA,Jade Restaurant,Santa Barbara
Hlzn3A-B2-Q1xj3FHe_D0A,Jake's Cottage Cuisine Cafe,Santa Barbara
dv6tq79a0PhoFphStXkqcQ,Jamba Juice,Santa Barbara
QBNATcq7Stx9LxcSq16W7w,Jamie Slone Wines,Santa Barbara
2rv-W-PBYciHvOhruq8rlg,Java Jones,Goleta
XleIcqVgh3iBeM4s-rdy6g,Javan's,Goleta
HtxYbysdeXwexRrSkKdt2A,Jay C's Place,Isla Vista
1l4-uhraQzNiRjppKyMUUQ,Jeannine's American Bakery Restaurant,Goleta
FH0MVF7kK0D76Hh4e7hXfQ,Jeannine's American Bakery Restaurant,Santa Barbara
Hj44PIrCtv61ETVclzLMwg,Jeannine's American Bakery Restaurant,Santa Barbara
iMTjejk6apJKzCukZnDw5A,Jeannine's Bakery & Restaurant,Montecito
L4-_gPiqsuX50JN_-qUhNQ,Jeannine’s American Bakery & Restaurant,Santa Barbara
qx2YTFXfVDwQUfOeWCFfbw,Jersey Mike's Subs,Santa Barbara
gg5jIrK0cQbb3rmZHrteUw,Jersey Mike's Subs,Carpinteria
mQ9CsjWobwak1PMvZTSPQg,Jersey Mike's Subs,Santa Barbara
Ng4PxR9WVdbnDGC50PbzwQ,Jersey Mike's Subs,Goleta
vDYkWElzs38G4vzgLqwX-A,Jimmy John's,Isla Vista
ws0mjFrkanX_sXoUVRh8Uw,Jitters Coffee,Santa Barbara
nB0dV8yPv29F3-CFMPG8cw,Joe's Cafe,Santa Barbara
H5bsmYmdO3FBVQHC3jfx2g,John Dunn Gourmet Dining Room,Santa Barbara
6VVbLYay8czrjKJ4xRoTxQ,Judge For Yourself Cafe,Santa Barbara
95NWdx75Gwy4r_IGGuCnmQ,Juice N Things,Carpinteria
E1b_hNr22N2wGkq5Z9fmHw,Juice Ranch,Santa Barbara
0tbscjPg4IzURekIn_CJ1Q,Juice Ranch,Santa Barbara
oktohqIGhMQxOP7h5ugHlg,Julienne,Santa Barbara
wxsOj_q1XOye3ug45Hh5nQ,Jungle George Grill,Goleta
Gl3XO4ECKKli8-bKKdkkYA,KFC,Santa Barbara
i2yCrMQx5soH0jMFG32vxQ,KFC,Goleta
SWP5Cck3Hd_g-KWfVkF_IQ,KOL'S,Isla Vista
KdNQZQaMd4rKjNphqGHX6A,Kahuna Grill,Goleta
sQFk2gZFUCmLhfYX0ufPbA,Kahuna Grill,Santa Barbara
yw3vRR7XLIjEnlhMnVzR7w,Kai Sushi Shabu-Shabu,Santa Barbara
tjIIpbimdbi9Lrb-DoIzKg,Kaiju,Isla Vista
ZeGBAsyE8qcJsnWtmGWeBQ,Kaptain's Firehouse BBQ,Isla Vista
_swrAjNgk60HIGLVzHiqmA,Khao Kaeng by Empty Bowl Gourmet Noodle Bar,Montecito
5B-m3Nir02zheQnEGopV0w,Killer Shrimp,Santa Barbara
SsHMgOW3TT48Z7jeV5beqQ,Kimchi Korean BBQ,Santa Barbara
12Gc4OFQ-WAW0fAk2hRZuQ,Kin Bakeshop,Santa Barbara
8WltHaNG6wD1d4h3LE_zaA,Kogilicious,Isla Vista
Dr2tI5lPLiXQrE0iZRim9A,Kotuku Elixir Bar & Superfood Store,Santa Barbara
1xsBRB203LiYLcC3mktfdA,Kunin Wines,Santa Barbara
8BUr8GviR2o_b-brO21wwQ,Kyle's Isla Vista,Isla Vista
LKM0wL3GMsi8NwEdz-_n8w,Kyle's Kitchen,Goleta
QFh-h_OZ5Io-mBk32HN28A,Kyle's Kitchen,Santa Barbara
xkYNvZlraS1JGleICGhE1w,Kyle's Kitchen,Goleta
x3D4pyClaewoT1H2Jzcmjg,Kyle's Protein Grill,Goleta
fApb6LKfOdy5u7MP0hsHKg,Kyoto,Santa Barbara
wKOD2ZWMpiJcdSswRXVuRA,L&L Hawaiian Barbeque,Goleta
JxVPdQrAac7qNUnwse7xcw,L's Kitchen,Santa Barbara
s4k1P9FHfPUzw3dqXRp7eA,LOKUM Turkish Delight & Baklava,Santa Barbara
CwL56LgcMz7Bvi4xODHVSw,La Arcada Bistro,Santa Barbara
qnv_h-O1DzaHIL1sKrI-Yg,La Carreta,Goleta
CLlnfxaYPTVLKE4VR-U1Yg,La Cocina Mexican Restaurant,Santa Barbara
6kPHr6gZaU9732ptn9gJrA,La Guerrerita Mexican Food,Goleta
ERuy9x26QrzqVwP1oFSObQ,La Hacienda,Goleta
l7NDxnGzb6z2_H08rtfS0w,La Hacienda Mexican Restaurant,Goleta
WVuSLF5tLVqMGMmj5pn7mw,La Michoacana Premier,Santa Barbara
4FdsX3MbkcdBRAr1aymF6A,La Paloma Cafe,Santa Barbara
8_r9EZL6vX5fPBoVh3gUrA,La Playa Azul Cafe,Santa Barbara
UAy8Qc_T0CuHxQRiUMNN4g,La Salsa,Santa Barbara
2QaNH5-RCRNIkToUOBc22Q,La Salsa Fresh Mexican Grill,Santa Barbara
6RBZfirnzE4NahJTn1UPNA,La Super-Rica Taqueria,Santa Barbara
d0ybsdCs9S9DTDTxuwLbKg,La Tapatia,Goleta
JZrspVMm79n_iHTYftkI0g,La Tapatia Bakery,Santa Barbara
UBK6zb5-XUETfVzYkRTj1Q,Lab Social,Santa Barbara
-ujBP1Dw0j1-Ffaz97-LXQ,Lama Dog Tap Room,Santa Barbara
lBIIzOvyq4z6MDRmkrjpyw,Lao Ma Tou,Santa Barbara
cZ6sHHLv7VSmuFSxP6sQLg,Lao Wang,Goleta
VhWtlyWAH6Lw_XBXuKDWng,LaoWang Burger,Goleta
NMnn6FJkW802ldqdgScVxQ,Las Aves Cafe,Santa Barbara
T5HC59sxOcW-I3_ViqNbYw,Las Brasas Mexican Grill,Goleta
wJiaLWAxfqDeFsmE2cI8tg,Lazy Acres Market - Santa Barbara,Santa Barbara
NTWgjXi0ggOQnTOS1bTjEw,Le Bon Cafe,Santa Barbara
9h0i4lVC5eCVhRTanWsEAg,Le Cafe Stella,Santa Barbara
BBBT3Mogjo3hPPA0de--Dw,Le Café,Isla Vista
-Lwq2vdrQolANLzEbYMPpQ,Le Crepe Shoppe,Santa Barbara
iQ_JNYzwvhSsToR4EHl4cA,Le Macaron French Pastries,Santa Barbara
w1l5vu31SJgPLTp6nlLWEg,Le Petit Bistro,Santa Barbara
5p_14QRkLFd6QyhpPzfW3A,Left At Albuquerque,Santa Barbara
yL1yC5OOawjSamAb9Wjm5A,Lemon & Coriander,Goleta
M9kbUs_xPc9HnU-O6qZX1g,Lettuce B. Frank,Santa Barbara
gsXBNWHWhHv_f9NcwpVajw,Lighthouse Coffee,Santa Barbara
dDU-0EW4Asx-RnM-vULFQw,Lighthouse Coffee,Santa Barbara
hPzPpfSjgQkpWCD7YjcY-A,Lilac Pâtisserie,Santa Barbara
LlGIlNJE2Nv_PXkH7l4Wmg,Lilly's Tacos,Goleta
9ugpNKKhnYRa51qXoxUw_A,Lilly's Tacos,Santa Barbara
gUvG-W-02lg5M1RY6n8bkA,Lilsy Wood Fired Pizza,Santa Barbara
YGgGefpPTFhgthvQvMAGoQ,Lito's Take  Out,Santa Barbara
D-1BoOczhXGgwhBOR5v-nQ,Little Alex's,Santa Barbara
748Tn5Hsf4LMCCA_WxVBfA,Little Asia,Isla Vista
EILVLAwEPdGAV_ZC0edtgA,Little Caesars,Goleta
WtGHHomZhFffiL0UiKjGkw,Little Caesars Pizza,Carpinteria
pUeTnGsnVi-H8RJ6prFFgw,Little Caesars Pizza,Santa Barbara
kdowTW3-5Qcr8je9LgItKQ,Little Dom's Seafood,Carpinteria
E1R-xslwl7XeTN5lQ7mWPg,Little Kitchen,Santa Barbara
L9QTAucz_in5f-ufCrvb1Q,Live Culture,Santa Barbara
45D7B9CqiUTTPUFcqmLx5Q,Live Oak Cafe,Santa Barbara
Aes-0Q_guDeYewMapFs_vg,Longboard's Grill,Santa Barbara
vj6AetpADpHOYtMRZsXX3g,Los Agaves,Santa Barbara
yPSejq3_erxo9zdVYTBnZA,Los Agaves,Santa Barbara
PNVbv2kyUIHeJTDPis2gRg,Los Agaves,Goleta
Ak4vFqHZUWU5KXONRnuieQ,Los Altos Restaurant,Santa Barbara
iT78kOB6Ja3BJQdYipPa5g,Los Arroyos Mexican Restaurant & Take Out,Goleta
LwCcNUqX-BEMBd6Xj-JlvA,Los Gallos,Santa Barbara
-VvMsFD0W2nQuO9buaeC1g,Los Tarascos,Goleta
8JzURExziDYuCrd7Ve9nDQ,Los Tarascos Bakery and Deli,Santa Barbara
tGQytMbOXDdZS_OSK9hkBw,Louie's California Bistro,Santa Barbara
wK2IixmZUOEFGz1QZqR99Q,Lovejoy's Pickle Room,Santa Barbara
5kZFpY6mXiNZzZcotXbfVA,Lovin Oven Mediterranean,Goleta
1oGCzoCC6HnQWpdK9cCP0g,Low Pigeon Coffee Roasters,Santa Barbara
6MXO883UaicdJuobFkKJUw,Lucky Dragon,Goleta
ol6ATB97MdIuhm6yAGOeMQ,Lucky Llama Coffee,Carpinteria
DOfiulOub9hVPBCtiDl9Fw,Lucky Penny,Santa Barbara
eX7o_-s5TmDT-DMfTV4cmw,Luckys Steakhouse,Montecito
xWJjVW8-XqswB-5VugAr7w,Luigi's Pizza & Pasta,Goleta
PHSda9zEwtFicCICD6TP1A,Luna Grill,Santa Barbara
3Wy21heeDm8h2tSZfcj6OA,Lure Fish House,Santa Barbara
cCi63HyU5XtjCaCVw0qJCw,M Kitchen,Santa Barbara
Vt5gk5h5VlHXLu-cVKzOXw,M. Special Brewing Company,Santa Barbara
XyYsl2OyoMi6OMvzsdcVoQ,MIZZA,Santa Barbara
NG3SFWgDgjMMpIJoQoQ3XQ,MJ Cafe,Goleta
5lGOPqwxBNR9hfA9mFr2vA,Mac N Cheese After Dark,Santa Barbara
DLTwr11KNMA1hEN7OrkY2A,Mac's Fish and Chip Shop,Santa Barbara
DEegOHB-VnPXsptrCf3qMA,Mac's Grog N Groc,Santa Barbara
pwblP3G6LkVT03I4z9kb0A,Mad Dogs,Santa Barbara
eukRpR47MDH4XXfU_Dul9Q,Madam Lu,Santa Barbara
5pyYBpuNOAqgN9nSpk8vaQ,Madison's Sports Grill,Santa Barbara
i3pBufSYEgx3_nLxxRrtGg,Maeda Restaurant,Santa Barbara
ZCURd9PiH4qdEjQfrIZzFg,Maggie's at State and A,Santa Barbara
hrEtM0WMgwhv19mzVnKiJQ,Magic Pita Cafe,Santa Barbara
3ESm27p4DACKCpzZmiRxgw,Mala Town,Goleta
RnC8N3wdN4subTxtmV3FeA,Malibu Farm at Miramar,Montecito
fMWi5o0U30MK2JgvRl_blA,Mama Lu,Santa Barbara
FQxEfhBd1gMrurP19bhK8w,Mama's Bakery & Deli,Santa Barbara
nnn78cplvQGZSMVblpI5gQ,Mandarin Palace,Santa Barbara
mZ-pJSdAVrBa7ioXVzE7-Q,Marbella,Santa Barbara
uJc9lKaxLNBZch866x4_pA,Marketplace Cafe,Santa Barbara
3lty2YUwjp61iUqNgKVEMw,Marmalade Cafe,Santa Barbara
ifjluUv4VASwmFqEp8cWlQ,Marty's Pizza,Santa Barbara
xkS_mRHVHuX0ko6kVIyBdA,Masala Spice Indian Cuisine,Goleta
Zqc8nrT3Z1IbQBckFuU3Fw,Matador Tapas Bar & Latin Steakhouse,Santa Barbara
49Sy1N3MTnK6Eslh1tgZQQ,Matty's Hot Chicken,Santa Barbara
sdzD-6O7eKIYgF9WzOuasg,Max's Restaurant & Cucina,Santa Barbara
W7zCBDLFv13fDzRXJefrrA,Mayo's Carniceria & Tacos,Santa Barbara
b8jbsZHfrGZCVPjI9KXV_g,McDonald's,Carpinteria
j6TDQvbRoMszGR0hyaVxvw,McDonald's,Goleta
jshnKTsnoXLSez5XD1qo7Q,McDonald's,Santa Barbara
uQSCNdPI0dC_sPsOh1U8NQ,McDonald's,Santa Barbara
8qGe4GQYyZstFhYa0rvpIg,McDonald's,Goleta
apdwYbDYSOgD89eEa8yDcw,McDonald's,Santa Barbara
wUHUyTrOpUcTVTQpyZFo8w,McDonald's,Santa Barbara
z-O652VzhRqME3ev9LqH2Q,McMaster's Steak & Hoagie,Isla Vista
dq4BvgEvM4vPOqjmIjAMBQ,Meat n' Potatoes,Goleta
bDoeXKSLBvj5R5OYRBNv-g,Mediterra Market and Cafe,Goleta
RiOcLw__HPf_rTOTpYKnHQ,Meet Up Chinese Cuisine,Santa Barbara
QFNrQo2BGE62G-FbIlWWgw,Mels,Santa Barbara
-CoZunWzch6HzMaM34dOEQ,Mels Place,Santa Barbara
p6yHZaiijFq4b4P3sYSRjA,Merci Montecito,Montecito
M3LZKA-tVFRJyPeKA3_2OA,Merci To Go,Santa Barbara
KcGCtmMca0EjY_wCv_HN4Q,Mercury Lounge,Goleta
4h4Uskb7B8OTI7oDR7wImQ,Mesa Burger - Goleta,Goleta
tm87DWqehpt79ZInFVmv1w,Mesa Burger - Montecito,Montecito
QLHgjBHBoeIUoEvIPvjHnw,Mesa Burger - Santa Barbara,Santa Barbara
IRyKDIF51M0GcqS8yfPcYA,Mesa Cafe,Santa Barbara
ZrxlfdFU_qpnIHI2DmoRxA,Mesa Pizza,Santa Barbara
bXrQejeR66IwebuhxPS7GA,Metropulos Fine Foods,Santa Barbara
jW4a3W9-UkFxpglHvo_Kqg,Meun Fan Thai Cafe,Santa Barbara
sjNVeNqhDjEFHoOybnt2ug,Meun Fan Thai Cafe,Goleta
ZJ1rSNQ49v3nbG5qWgwojw,Mexican Fresh,Santa Barbara
hfN0fllM3m2jykAgToRTlQ,Mezza Thyme,Santa Barbara
2DBo3WFKwpbtl9kJzuroIg,Mika,Goleta
E_ac8Q20OJD9L8cafCBKaQ,Milk & Honey Tapas,Santa Barbara
okc-iCgWvKGa1DfQSOh1Ig,Milpas Taqueria,Santa Barbara
Nq4k3dnfiOMT_UrOL9xO-A,Ming Dynasty Restaurant,Goleta
9CBW1G-JR9ioTgwFTK6kbQ,Minnow Cafe,Santa Barbara
nhOMsw22-rz9kXSKwBZYAQ,Miracle At The Funk Zone,Santa Barbara
iXkQGJF88zOeXtHMjBmeZg,Miramar Beach Bar,Montecito
lmQjsnT_IK_OOdsbghiojw,Miro,Santa Barbara
LdXB3D3gl3ckxZutLmen1g,Miso Hungry,Santa Barbara
MJI-bNIn3QDgiGggm9Wp1w,Moby Dick Restaurant,Santa Barbara
Sp4HOjXy-LYV_4yy10L3jg,Modern Times Academy of Recreational Sciences,Santa Barbara
3rzlcCvPUJ56jvYWl7iGvA,Modern Times Kitchen,Santa Barbara
A2slwG21Uulatt357w58PA,Mojo Asian Fusion Café,Isla Vista
lkwj0-9Sc_anMVNlnuqYAA,Mojo Coffee,Goleta
Ji3XN5gL1aBlbhtFEGpMFA,Mollie's,Santa Barbara
6acxMT_WGbA-cUN5RXpIfw,Momma Donna,Santa Barbara
hLUqElKTjOzpt_ZXkWVuiA,Montecito Cafe,Santa Barbara
C6AiAF35zwpAoK5jjm-nhA,Montecito Coffee Shop,Santa Barbara
KMuVQ8E4VIhdjwDo5jPPcg,Montecito Confections,Montecito
2nF2syYoD5VBFk01le6NkA,Montecito Deli & Catering,Santa Barbara
kwqXOtLCbNjgvwuMj4H1AQ,Montecito Gourmet by Village Cheese & Wine,Santa Barbara
edDmC1Zcr5SVczbKBfiXqw,Montecito Village Grocery,Santa Barbara
EaTbY8HFwwF7i3SjVbHGYw,Montecito Wine Bistro,Montecito
m4kvY0viCwxqRtgOycnKVQ,Mony's Mexican Food,Santa Barbara
vgDl4_ZjoLLIU2ZPL83GIg,Mosaic Locale,Santa Barbara
7grEnJV48N6BxbEP3uxISA,Mr B Restaurant & Cafe,Santa Barbara
HMRiG6zL_q2u8e8IqUmQvg,Mr. Pickle's Sandwich Shop,Isla Vista
agXGQ4DH4SqxtJxBHKjWIg,Muddy Waters Cafe,Santa Barbara
IQPsL4ZKgYpvuN0BJn_yhQ,Mundos,Santa Barbara
0Qs-G8Xs-mz-jmQH5lez5A,Museum Cafe,Santa Barbara
WzgtV5eNV7rwtJYJUiPJ2w,Mylestone BBQ,Goleta
q0DRuEAxE5i57xNSTrDP4Q,Naan Stop,Isla Vista
2QvkOHC-pWGiAmvQ9xX64Q,Nardonne's La Famiglia Pizzeria,Santa Barbara
fAiPD2OIEm9wtS7uJqzu5Q,Natural Cafe,Goleta
MOowZBGbgn7FrTol3dvrlg,Nectar Eatery & Lounge,Santa Barbara
9JaoQxrPpDfQ_vbZFgSXIw,Neighbor Tim's BBQ,Goleta
MCsD2G2R0udfzg9FTltUTA,New Baja Grill,Goleta
fp7IHO1z53wYP4PzKSl11g,New China,Goleta
pyFEy1qXkmYJDHxVvpK7cA,New Si Chuan Garden,Santa Barbara
RDjtVGc0c04ZIR6em1hCbQ,Nicky D's Wood fired Pizza,Santa Barbara
uQcKo8m34OULhySxwRaOAg,Nicoletti's Cafe,Isla Vista
WrU1ZYN4jlYcL5mvJrQsCQ,Night Lizard Brewing Company,Santa Barbara
G0rJD85hUDQ0Omz0rOFeOQ,Nikka Fish Market and Grill,Goleta
2xxkaRy7rP5EUyjFt2J5kA,Nikka Ramen,Goleta
hlb7WwqcCijqqbp8zye1dw,Noemi Pizza Romana,Santa Barbara
5Z3uvoIoOFUzTmrBmIJv2g,Nona's Italian Deli,Santa Barbara
L6nIOUwcTGgQKExGHmvTzQ,Noodle City,Goleta
RRGLss4hhvZZuR0N6GQlSw,Nook,Santa Barbara
FSWJmMXXKAXdL6mrc-DzBQ,Nordstrom Ebar Artisan Coffee,Santa Barbara
4sOLSCiwSdHhzcXC9Sd0xQ,Northstar Coffee,Santa Barbara
vhWlxyLEWAbNOMtQ42yzFg,Norton's Pastrami & Deli,Santa Barbara
cJjzBIPfMmps5NhNowKPpA,Norton's Pastrami and Deli,Santa Barbara
g0lCOgLkkByZrhmwYzP5KA,Nuance,Santa Barbara
eoH4nxBTSu6kf-41pWDwJQ,Nutbelly Pizzeria and Deli,Carpinteria
f7S0WFDy_J1TGahYhnoMLA,OPPI’Z Bistro And Natural Pizza,Santa Barbara
NORF647ibBQ4U-VNMgzSLg,Oakberry Açaí Bowls and Smoothies,Santa Barbara
eTVtHkrdoh8plErbmRhTfw,Oaxaca Fresh,Carpinteria
Y57sylYCgq2VQJuBCnjPfA,Oku,Santa Barbara
qmOn3S_BzihpLP2aMG9QSg,Old Kings Road,Santa Barbara
jtgBkAQuchDYgkdsebzLsQ,Old Town Coffee,Goleta
zZrDoiQIUmiVkifJx0h_KA,Old Town Coffee Downtown,Santa Barbara
WhAp8J-Jkd6LcEtnFZSk5w,Old Town Tavern,Goleta
z6I4QVP1M1HXETgwD92XHg,Olio E Limone Ristorante,Santa Barbara
4D7QDfPOsSPfKxBi3gs_qQ,Olio Pizzeria,Santa Barbara
iHdrLu8deF5GceB0V1rPhA,Oliver's,Santa Barbara
y4x_wAQvUxvTR8iV-JP4Jg,On The Alley,Santa Barbara
Qki5LF9vIN7KPM3gn2WkJQ,On The Alley - Goleta,Goleta
1cYZIJM5P3yOsIjq8qxoSw,On the Side,Isla Vista
ss7TePuqCeqJXhVtsKTwow,One Piece,Goleta
Ukn2qaxEP0sbjoiwn2LwhA,Onus Donuts,Santa Barbara
CoZ2mpsMBP8HUG1ymKoZTg,Opal Restaurant & Bar,Santa Barbara
_l05Dd6BKBAiJKX71bLq6g,Open Cup Coffee & Tea,Santa Barbara
w8AxfAjNq7wU5jHmpLSpNg,Oreana Winery,Santa Barbara
ywXa1pDqHPe9tOPx0yJFUg,Otaco,Goleta
bjhCtlYHrkgA5Ku8l-rB3g,Our Daily Bread,Santa Barbara
PGVZjuHpB5s5jFMKqKdCmw,Our Daily Bread,Santa Barbara
zpuFEeAhrNzXPkOlBf5Kog,Outback Steakhouse,Goleta
DBtNuEt5U_dXoalpU8rbcQ,Outpost,Goleta
Umywf9wstVwg30wROIrL_Q,Oveja Blanca Restaurante,Santa Barbara
hsHeiukmYUWH9L7CDX5Zow,Overlook Cafe,Goleta
-8iATYRnN46Km0_-ldx6cg,Pace food+drink,Santa Barbara
ZKi4F9BlA46rLvLyeIE3VA,Pacific Crêpes,Santa Barbara
_v3DcLatG70adfYzWTd-CQ,Pacific Health Foods,Carpinteria
1FURjeGJi_LBXcJQg8eskw,Padaro Beach Grill,Carpinteria
U1lGcthY52-LUPdxhV3qVw,Paesano's Pizzeria,Santa Barbara
D_WS8rM-DVygaCKbIErZ6Q,Palapa,Santa Barbara
z-9_8ot2TnKL9DX4k3MYMQ,Palazzio,Santa Barbara
GR9fdito21ebH62tG8o_Yg,Palmieri's Cocktail Lounge,Santa Barbara
uqsJ4HJWaPuQMc55ahwiDA,Paloma Restaurant & Tequila Bar,Goleta
DdD7j67fu8kM6DkvY4JCIA,Panaderia Veronica,Santa Barbara
-nwNPb3G-0L95igrhkvMtw,Panda Express,Santa Barbara
LEo6sBsQz3xrpKW-DQjTWQ,Panda Express,Santa Barbara
Ak_vHsHsYRP928VHVRL_tQ,Panda Express,Goleta
ebJav941naDgngDP2EIRHw,Panda Express,Santa Barbara
1J0NIfmrSuV72KzhmYFxMA,Pane E Vino,Montecito
9uJuBPIQyrC0v9pVv3JKRQ,Panera Bread,Santa Barbara
EC9-hDcyqE8c_m03X3VhIQ,Panera Bread,Santa Barbara
BHZZFNH4wu5VAq_JypqjiQ,Panino,Montecito
I7tLQ1YEJjcN16josIx6Dw,Panino,Goleta
wfjqxgLSsLtyzswzQBziSw,Panino,Santa Barbara
XQY1_EorK7FMCffiftN0fA,Papa John's Pizza,Goleta
29YqJwOGEuAWqlHZxMc1OA,Paradise Cafe,Santa Barbara
q3z5nfCo6HmXBPgJ4OXrtg,Paradise Store & Grill,Santa Barbara
LMm555z8BReDxgkpF_TEug,Park Place Deli,Santa Barbara
CziOtnFSklimJnBgksDDwA,Pascucci,Santa Barbara
Gof3vW62_EDmqgAPTL-nKQ,Pascucci,Goleta
me_-zWgGZATKrljrJ-jvKA,Pasta House,Goleta
2YoQRByvTjdP4GSVnPcANA,Pastavino,Goleta
B2Mpi0gW4-oFFVKkDpIxvg,Pattaya Thai Restaurant,Goleta
i5C6RVgr03HSrgCl8oa1Fg,Patxi's Pizza,Santa Barbara
YzcchXErwyb_8FL6bVPwEA,Peabody's,Santa Barbara
AV3XPH1iv8PKSO6mrnYgLg,Pearl Social Santa Barbara,Santa Barbara
AgVekFXqwt4Y1HxfQcpyiw,Peebee & Jays,Carpinteria
p2kC-cD22QAQzIGD8ZuqFA,Peet's Coffee,Santa Barbara
TqE83vo_rs4h4EycnuLI6g,Peet's Coffee,Santa Barbara
L9hRzl4W7TAdcW0Ld09O-A,Penelope's Sno Balls at the Beach,Carpinteria
6TciI6uBdrd8z1av1YleLg,Pepe's Mexican Restaurant,Goleta
JjmmSW_QQh2Db4fuIEMATA,Persona Pizzeria,Santa Barbara
IoihJkcF2FcE-sHOneat-A,Petit Valentien,Santa Barbara
b2Za53CjptGyf9K0fFnrAg,Petrini's Italian Restaurant - Santa Barbara,Santa Barbara
I3yiknZLxXVIjYp4WmLz2w,Petrini's Restaurant,Goleta
3bZADX_g9efvqGXaAY7Kbg,Petros Restaurant,Santa Barbara
ju4YP8SLdR_BmWr_-Xh83Q,Phamous Cafe,Goleta
bdfZdB2MTXlT6-RBjSIpQg,Pho Bistro,Isla Vista
v7dKKlpLH36GQTIX5qIReQ,Phoevermore,Carpinteria
0mUVD5sDXZjd66XwATN8XA,Phresh Teas,Goleta
JfXYFsOEElqn5ukwDBml6Q,Phresh Teas  - IV location,Isla Vista
J52h9uXJgEKyIz0iq8S0Xw,Piano Gastrolounge,Santa Barbara
xCbzGlxwX6QrS9t9uRcflQ,Piano Riviera Lounge,Santa Barbara
iFlEWAwE1MwcXREzgLNIsQ,Pick Up Stix,Goleta
fVUurZgbWXzp2QzDzJzmpA,Pickles & Swiss,Santa Barbara
27zlxlmlQu9KBr5Vj4MGeg,Pickles & Swiss,Goleta
vLT1KtrA9bWvjFOg-0xVIg,Pieology Pizzeria,Goleta
m4xrhESFLaA7PiddXeg2aw,Pierre Lafond Wine Bistro,Santa Barbara
07yUvKzFb-yPzJKoT0zamQ,Piranha Restaurant & Sushi Bar,Santa Barbara
hvynpnucDVWFpCPSruuaBQ,Pita Pit,Isla Vista
uriD7RFuHhLJeDdKaf0nFA,Pizza Guru,Santa Barbara
RsjgvZO_0aLsg9YxvtBwpg,Pizza Hut,Goleta
-Fka99c-tJ-epWYNIobqyQ,Pizza Mizza,Santa Barbara
m-EfDi7UBwdiEBm7NXqq3w,Pizza My Heart,Isla Vista
NCMTfUJYTasYZ64UuGC-rg,Pizza Online Company,Goleta
v5M6gYtiaGG5zuvAVSxNTA,Pizza by the Slice,Santa Barbara
aY_n9RSaD2Yw09jSFFePew,PizzaMan Dan's,Carpinteria
y1ZPi7c6sSkWdE1p2vUo-Q,PizzaRev,Santa Barbara
qdpdUjdkEUpzYDdce2yZng,Plaza Deli,Santa Barbara
qM2gfO-cqpDzxmIX-XzuWA,Plow & Angel,Santa Barbara
RIXWht1pZG8pe1SJk5hhXw,Poke Theory SB,Goleta
9jEv_7tueRJdV5CZwVcwPg,PokeCeviche,Santa Barbara
45Ut-AN8h3c88-pYTrGBnA,PokeCeviche,Goleta
x2_m8MqR9zEiKCiQqAcadw,PokiRito,Goleta
c1tH5Btm_f7SQ-6ju22wag,Pollofino's,Goleta
xVtO6a4dqKQQzMXkSPL80A,Presidio Market,Santa Barbara
jI9wCmBu77tExISLsVurOQ,Pressed Juicery,Santa Barbara
zeAfmYy9b1gfUJLRBHm6vQ,Presto Pasta,Santa Barbara
j-lxie7nEh3UeUTpiqekkQ,Presto Pasta,Santa Barbara
oYireVavpwflbyWes2BsqQ,Pueblo Pollo,Santa Barbara
h7felG8kSEuYpkYBhMwCmA,Q's Billiard Club & Sushi-a-go-go,Santa Barbara
_6p_j0UL7ST3b2nvHw82eA,REBAR COFFEE + KTCHN,Santa Barbara
hYlAyz4RM1kE7ErPhPQ2xw,Rancho San Marcos Golf Course,Santa Barbara
UQZe-qWOpGiyEPsTUko5Rg,Rascal's Vegan Food,Santa Barbara
23OxrUaCvvVrwSa1z3xG-w,Recipes Bakery & Gifts: An Australian Coffee House,Santa Barbara
uEv1I-0r82Krj4eEysjC4A,Red Kettle Coffee,Summerland
SOl2m-ZsAmnCuQGdMZeANQ,Red Pepper Chinese Food Express,Isla Vista
JSrab1rTrhBq0X80o6fPrQ,Red Pepper Restaurant,Goleta
gYrHa4CckDjgOQc5B-yTKA,Reds Bin 211,Santa Barbara
c1xuic_qvUfSIr-if6nSUQ,Relais de Paris,Santa Barbara
VAIOtbsxdNmuhUKkQZFRlA,Renaud's Patisserie & Bistro,Santa Barbara
-loV4cB2Uh9TCltTRgGzWQ,Renaud's Patisserie & Bistro,Santa Barbara
WfN-VixjWAbfe8efJEs3yQ,Renaud's Pattiserie,Montecito
R6NxHoRRK5Y4ishGsLrGwA,Restaurant Mimosa,Santa Barbara
304FY8qhcOpm9SIkrzmhoQ,Reunion Kitchen + Drink,Santa Barbara
oJwMmSZKJOnMboZ_z67MZw,Revolver,Santa Barbara
2aP9wvEqpGLLDVpWTWlAog,Reynaldo's  Bakery,Carpinteria
pC0vDDpl_2ue3HGAmGpMSg,Ridley-Tree House Restaurant,Santa Barbara
L7-PPe0fj-6U7qq31vjWnQ,Rincon Beach Bar,Carpinteria
0yD-SZAfjpH36-o7_pospw,Rincon Brewery,Isla Vista
wupvqueqdEZXQxv14sa9vw,Rincon Brewery,Carpinteria
-e8RwknT5szoLk9uBZjzcw,Riverbench Santa Barbara Tasting Room,Santa Barbara
sjWf71VmU5HIwqX8RGCLJw,Riviera Bar,Santa Barbara
QaFbv7aLQBcfT4xMF1_WnQ,Rockfire Grill,Goleta
wEWy_NbtwcgNY2dKEmnACA,Rocks,Santa Barbara
SHk_eYKzIOPvgwvTThtXiQ,Romaine's,Goleta
lXgITG2Ji6mhAPOmw4TRng,Romanti-Ezer,Santa Barbara
_nSL2u-ZzX6kkAF2D2EZgQ,Roof Top Bistro & Bar,Goleta
P5cgKbK-cQqqZj0I3_DW0g,Roost,Santa Barbara
JUruKsTe0fdPbQHCT8XTug,Root 217,Goleta
c0p9TawJSQHchy5aL8NWgQ,Rosales Mexican Restaurant,Santa Barbara
F-NlTcl5BHb07E7TFb2TJw,Rosarito,Isla Vista
eFn-8QlFGdkT_B-bWigtFQ,Rose Cafe,Santa Barbara
j3Ml_qEFnDOaH5miNzG6xw,Rose Cafe No 2,Santa Barbara
tyt3pz0x3ZB8GXsSx1a9Aw,Roy,Santa Barbara
kfK0iQyhLIN3gOIzbLYwFw,Ruby's Cafe Santa Barbara,Santa Barbara
o0AG9SfwVaZ00cURT7Q-Ag,Ruby's Diner,Santa Barbara
AzZqXglv_puXwd4kCvM7ew,Rudy's,Santa Barbara
b1shfPbHpkeWtbGbz5iAtg,Rudy's Mexican Restaurant,Santa Barbara
VhH_MGOiWsMVOJk1LHFVXw,Rudy's Mexican Restaurant & Take Out,Santa Barbara
er6TqaBx6m2xpKJhqD74FQ,Rudy's Restaurant,Goleta
ziXR7sUrbKRCNeDqfjibUg,Rudy's Restaurant No 1,Santa Barbara
NIqFlHurHm0cj6QXczYbEQ,Rudys,Carpinteria
E8tiSAB6O4TPeVdKR0K5Ug,Rusty's Pizza Parlor,Santa Barbara
CTmAWi-W8_Id00EjHF5Uwg,Rusty's Pizza Parlor,Carpinteria
JpwG8sDNsHuD0f6NF6YuGw,Rusty's Pizza Parlor,Santa Barbara
HNACff49-kXS7l0MyLOzHw,Rusty's Pizza Parlor,Santa Barbara
xwSWtJcQkzTF6HNm_IMgcg,Rusty's Pizza Parlor,Goleta
72yw_QJwkKEjpa7CumQCeQ,Rusty's Pizza Parlor,Goleta
tA1IXs5GeNAqnJgaD4ajZA,Rusty's Pizza Parlor,Goleta
Ce6B2-CYAjGvRZe3GKyxYA,Rusty's Pizza Parlor,Santa Barbara
C-aATB7SbuwMBPN5dgjghQ,Rusty's Pizza Parlor,Santa Barbara
wO4IO1uTN65jkYdaBJCL8A,Rusty's Pizza Parlors,Santa Barbara
U7XQ4-xZf-3a5diuDILpFA,Rusty’s Pizza Parlor,Summerland
jMAQupx06hHjie54wV2yNQ,Ruth's Chris Steak House,Santa Barbara
7oPREWTlY8RIMfwT1R0YYw,SALTY at the Beach,Santa Barbara
vZG0BDPGDJxMGiXcGoVU6w,SB Munchiez,Santa Barbara
1Du1NruqJwxnzgEUHc42Jw,SB Sunshine Cafe,Santa Barbara
YXaCcpETNtxrNNK6TbUTlw,Sachi Ramen And Robata Bar,Santa Barbara
ZzI68qUPwySLG3pFeQxg6A,Sade Turkish Coffee & Delights,Carpinteria
RHgj2ssSXnS0VA7DRvKomg,Sage & Onion,Santa Barbara
Tpr8CltepNzpRpQC2JM4pQ,Sage & Onion Cafe,Goleta
NcPL-huY-Ac2VjkZ5KsSRQ,Saigon In and Out,Santa Barbara
dvs-RLII_zdcxfjoqOFJzw,Saigon Noodle House,Goleta
v5jxpGnKbx3vVxs28dgokQ,Saigon Vietnamese Restaurant,Santa Barbara
5uNCvNy9L6peKeKP1RRPyg,Saigon Vietnamese Restaurant,Santa Barbara
wFES5bGDiPANW13hNHnXOQ,Sakana Sushi Bar & Japanese,Santa Barbara
22q2wGlAmJN8MkhZl2RzRw,Sakura Express,Santa Barbara
jh40gx3wcYX0NL_i2Dip-A,Sal's Pizza,Santa Barbara
-fxH1XplVLVtWg2ZJWwRdA,Sam's To Go,Santa Barbara
EEkCKh3obNA6hE4D4pNUqQ,Sam's To Go,Goleta
aD4ysR05o5-onOjYjJ8QiQ,Sam's To Go,Goleta
SeneXbKmhHhPtzyTDPDnvA,Sam's To Go - Isla Vista,Isla Vista
DV0BJwh9qzPqcxufrA_7ag,Sam's to Go - Milpas,Santa Barbara
LuPK46HMxRYEVTXVbBCR1g,Sama Sama Kitchen,Santa Barbara
cpaMCrmG7WK10tJ4c_GXow,Sanba IM,Goleta
yy6suHtRjIg3RwsNt5vstA,Sandpiper Golf Club,Goleta
dbydQdzf0uEsvQ9y7SKT7w,Sandpiper Grill,Goleta
ALMuGwPnbAVc4SIbcmQmcA,Santa Barbara Bay Cafe,Santa Barbara
NnAfFmqKH3PBeigmuAeFNA,Santa Barbara Chicken Ranch,Goleta
eBxc95u_Gcs9bLST0UntOQ,Santa Barbara Chicken Ranch,Santa Barbara
j1yb8y-jFwpG_hW9AH3PrQ,Santa Barbara Cider Company,Goleta
COSC9JC0Vjr89CaTZuPkUA,Santa Barbara Craft Ramen,Santa Barbara
E7RtIisUoRMcADSebBgNAA,Santa Barbara FisHouse,Santa Barbara
sor6oj-nuslOcSx7di4urA,Santa Barbara Fish Market,Santa Barbara
GEGTsaKaO1R9fFB4sGS5qw,Santa Barbara Food Connection,Goleta
5dGu7C1UEPLs_FIj_Qin0g,Santa Barbara Organic Kitchen,Santa Barbara
VgAKmXE8B7J0I_O_R13UKQ,Santa Barbara Roasting Company,Santa Barbara
SZU9c8V2GuREDN5KgyHFJw,Santa Barbara Shellfish Company,Santa Barbara
3czlT5lRF9uKmGZ2rknJqA,Santa Barbara Tamales To Go,Santa Barbara
Bm-NlFiZWMCwmmz9B_rlCA,Santa Barbara Wine Therapy,Santa Barbara
HrsWLRW7sPxjeC_hDA0Diw,Santa Barbara's Wood Fired Pizza,Santa Barbara
f7sw_jTKAcFeLFJjNnHjUQ,Santa Ynez Burrito,Goleta
nYPzsOjvida-ne7swSPHpA,Santo Mezcal,Santa Barbara
sNyHfboSOs-ESN76cYFfTA,Santorini Greek Island Grill,Isla Vista
IZZ7J14VnJGyUqYH1tgT6w,Satellite,Santa Barbara
BErYojCJSO959vzaz9JclQ,Savoy Cafe & Deli,Santa Barbara
thlyktt2c7v1DyOpSVSibw,Scarlett Begonia,Santa Barbara
8MQNb0Cnkfq-G1OIViukjQ,Seagrass Restaurant,Santa Barbara
q36uZc2hQml10YGHazJaoQ,Secret Bao,Santa Barbara
4z2Frpficc3NqHkGfpMXJQ,Senor Frog's,Carpinteria
TYVln68leW7BYuVksFyB5A,Sevilla,Santa Barbara
LtxG9DTXCFpteVkD4SGBlw,Sevtap Winery Tasting Room,Santa Barbara
pKSB4wXLiS8rd1cAEgD8oA,Shaker Mill,Santa Barbara
r8tU21scBflMxWiBESPtRQ,Shang Hai,Santa Barbara
6smGb7xv5fDbBsLgW1WC2w,Shintori Sushi Factory,Santa Barbara
Un-UDVOuv1co3TMmGaumxA,Shoreline Beach Cafe,Santa Barbara
xUkr5K9vgjzvLCZBYFZ3Vg,Si Senor Taco's,Santa Barbara
18eWJFJbXyR9j_5xfcRLYA,Siam Elephant,Carpinteria
VWL9UqAKfyvGeb0AlOTusA,Silvergreens,Isla Vista
YL50DFkSKhVFyfKZgYQA8Q,Simply Pies,Goleta
--onnLZrsCazmcy2P_7fcw,Sizzler,Goleta
eGI_WepIIjYahIrMVRknfw,Sizzling Lunch,Goleta
RNzhLU8zy1L5dBkjRK4xEA,Sly's,Carpinteria
UTp0yIaYklWD5BbQKz_85A,Smithy Kitchen + Bar,Santa Barbara
LswO4EWgN99h6NEEJ7qtCA,Smoke 'N Barrel BBQ Shack,Goleta
zVxDd79gdZcfz-O14QBCrA,Snack Shack,Santa Barbara
AmAc0eD6lyVyb7QdOAO1Mg,Soho Restaurant & Music Club,Santa Barbara
Qsd_S2f7fNFqngx2amRE7A,Sojourner Cafe,Santa Barbara
NWwVZnCb8-Oh9QWWAb2T2Q,Somerset,Santa Barbara
_kJzi_k6LwtE3phJFxNOzA,Sorriso Italiano,Isla Vista
fiXeirZ9GpJxe7yRpuKiBg,Soul Cal Smokehouse,Santa Barbara
tSmUxIto8yAqijDgsjLBRQ,South Coast Deli - Santa Barbara,Santa Barbara
-r6nmLB5Vi2TLQCxh0_dtw,South Coast Deli- Carrillo,Santa Barbara
gjCxTVItFxk46rCZ-YaiFA,South Coast Deli- Chapala,Santa Barbara
69_5ZefofuhXv2ymn-xc9A,South Coast Deli- Isla Vista,Isla Vista
BVzFvRrgMpL62oPIqGvLMg,South Coast Deli-Goleta,Goleta
qsc66GLioJicWLYn7VG9LQ,Spa Café,Goleta
iAE5tMDs1XSudlEzG-Z3aA,Spice Avenue,Santa Barbara
B3dzK9OqrT_sN0FNQs_OgQ,Spiritland Bistro,Santa Barbara
3fpAmsSuEFNF29UUPpgwlw,Spudnuts & Bagels,Santa Barbara
425FOxIzHPcOB0niWc6-1w,Spudnuts Donuts,Santa Barbara
z5N7vgaNSBpjKT_gbY53sw,Spudnuts Donuts,Goleta
bd0ew6pTvlP4f5KRfWK5jw,Square One,Santa Barbara
9D1Vuxuh-hvwkYBrqje1nA,Stacky's Seaside,Summerland
Swk_Fdv-gRY8zUT2ft18Kg,Starbucks,Santa Barbara
_T8tOBDr3NKNxd0yl5GwjA,Starbucks,Goleta
9_uigKs9GCwg9dFKkq_Kfg,Starbucks,Santa Barbara
NmJX_LZ7ShIZqspI31RVZA,Starbucks,Santa Barbara
r5sQtvsO4OVJgEH5H3uEAg,Starbucks,Santa Barbara
urEO2v7ydkJ-j9tUUmXpZQ,Starbucks,Goleta
uvb3NcpqBEaCrrcyfNF-wA,Starbucks,Carpinteria
XSL9RuLwRTyhNUwUo7WAPw,Starbucks,Santa Barbara
soaZ7_oU7xcphlw6gpWblg,Starbucks,Santa Barbara
KiE0h68HGOO7ZXAqkMBdiw,Starbucks,Santa Barbara
i9ASBmmIJS3RjN_UP-TtKw,Starbucks,Santa Barbara
NCHUoBAMTDqI754PICPN9A,Starbucks,Isla Vista
Aj44kUBmEfJlUsGCvKJKtw,Starbucks,Santa Barbara
elX9a3nvGMSweRaMWgSb0Q,Starbucks,Santa Barbara
KIpghikMrBbxx75tx_ZJUw,Starbucks,Santa Barbara
S7Cl9gYqaC9jlw32yd4_Yg,Starbucks,Santa Barbara
_tTKZJ89dS404ZEVnHa-Cw,Starbucks,Goleta
3-dQbvti2EpSfs9jKcyIjQ,State & A Bar and Grill,Santa Barbara
r926yelr_EJAKQCjdD6AWA,State & Fig,Santa Barbara
mHmIoIGOfpidrS1fYQ9PbQ,State Street Coffee,Santa Barbara
XYxSB4DQ48O7J6AsnS-Ddg,State Street Wine Bistro,Santa Barbara
yHtS6dj20tl3ht32w6K6Qw,Stateside Restaurant & Lounge,Santa Barbara
TzNk1TcWLZn0JCpO83hBAA,Stella Mare's,Santa Barbara
R0U0K_qvwOQbQwPhhKw4Ew,Steve's Patio Cafe,Santa Barbara
Vc-hDuD19_eeJ8ULZmLSCw,Stone Age Restaurant,Santa Barbara
aFhPwy7OhyKah4cJY2QdEQ,Stonehouse Restaurant,Santa Barbara
-ALqLSTzkGDMscHdxA1NgA,Su Casa Fresh Mexican Grill,Santa Barbara
nqsrL6BuIevb285dbdXjjA,Subway,Goleta
1lwulkAD5htni3rbHW8oeg,Subway,Santa Barbara
Hqz96v1ymucUKNzIWfEKXw,Subway,Santa Barbara
hxghdsVS3nJr1Y_KMobfeg,Subway,Goleta
9JR9Ht6IX1r2jPPG689JyA,Subway,Santa Barbara
L9XvUfEWfjEmOJAd21o6rA,Subway,Isla Vista
FjVAwrTr0AMfs78pDLamtA,Subway,Goleta
kAGknILVe6xCv9a2uc5JHw,Subway,Carpinteria
VciWUuWgNshjkRDPHiFCoQ,Subway,Santa Barbara
QfXEdQpBojorGinfCnrKTA,Subway,Santa Barbara
VC4jqq8Hu1_RjBFt8nHD2Q,Sugar Cat Studio,Santa Barbara
FdoqtMadj4ybDAL7S-yUBQ,Summerland Beach Cafe,Summerland
jR3sTUWCPuOCWpdm8Pn-wQ,Sun Sushi,Santa Barbara
hEpRFnkUl4C6NVOVSMiTVg,Sunny Asian Restaurant,Santa Barbara
HGRR2w9KddspVBYA-4bSlQ,Sunnyside Market & Deli,Santa Barbara
M_0k-h3euD5T1Pv6vQwEMQ,Sunset Grille,Carpinteria
DJKYqYmhl9xuSlmkS4r0Eg,Sup & Jus,Goleta
BaWVwChTW_MqkKru_WZp3g,Super Cuca's Restaurant,Santa Barbara
jZncFsMQdrq268OHq_Q6uw,Super Cuca's Taqueria,Santa Barbara
_vLfidpLDYHfZ_KnFZ75Lg,Super Cucas,Isla Vista
aQBWiMlM2nEIx3EIjLRGBg,Surf Dog,Carpinteria
8r_n8JdKQ0gePm2neSkL7A,Sushi Ai,Goleta
bVaRZDHkWdsHuARGxxpREw,Sushi Bar 29,Santa Barbara
UCf1qieF9Lss61Te-Qnacg,Sushi Cafe,Santa Barbara
EXYbKA1tocvOK_1tXxZXLA,Sushi GoGo,Santa Barbara
vC2qm1y3Au5czBtbhc-DNw,Sushi Teri,Carpinteria
lZ44dxn1TCzJaVBa8Ze8DQ,Sushi Teri,Goleta
jssubXBNkiSJIhbKuDtmpQ,Sushi Teri House,Santa Barbara
XwnkfMUiyH-OsJXbmbOK5g,Sushi Tyme,Santa Barbara
4IqrY1mXK65HgrrgkpE-cw,Sushi | Bar Montecito,Montecito
MiMRlsXOpHJMSTDAuw8s1w,Su’s Bowl,Isla Vista
F3dxQiOwN55rSLw-BNSq6A,Sweet Alley,Goleta
spm1KEE-5jAJVTE0ldpzFA,Sweet creams,Santa Barbara
8RlO6NuhWzXktp-1croq5A,Szechuan Restaurant,Santa Barbara
TeUEijNG9w8m2fNaE7J1TA,TAP Thai Cuisine,Goleta
P_QAD4_iMgqTaWd5On_n3g,TAP Thai Cuisine,Santa Barbara
vDBfhX1XI4uRWBCQQNRsUg,TAP Thai Cuisine,Santa Barbara
PsO9LleYQJlFc_r-DJxVzg,Taco Bell,Santa Barbara
d35qSICZEJDIuGUIUIbkgw,Taco Bell,Goleta
w79qtK0PpeDWrnY7E-uTRg,Taco Bell,Santa Barbara
e8IBUW8tO5XlmgD4fSMtqA,Taco Bell,Goleta
5tkZfqkwx6axbN9P5UlC8w,Taco Bell,Carpinteria
OdRkeCycTpMRow9XUXVNWw,Taco Bell,Santa Barbara
IDyJPdJ-zTXJ_FSSOMOgbg,Taco's To Go,Carpinteria
VqcHpG3ODZ4KHBhbxcL4-Q,Tacos Don Roge,Carpinteria
MG0IlmvAILSzRE4E1gk5hA,Tacos El Rey,Santa Barbara
ZYqNIWch6Ik9wLZCa1hxkw,Tacos Pipeye,Santa Barbara
-H-fZonTLitwHFY_PLAIjA,Taffy's Pizza,Santa Barbara
42cHjHD6Kkv7Ms3-lLsimw,Takenoya,Goleta
v4AMcIZ--hXZuJIg3luUgg,Tamira,Santa Barbara
Kg71HUigI1rnY3UMFiLx0w,Tangonadas,Santa Barbara
4yBeWUqxuru02oZccjDN7Q,Taqueria Altamirano,Santa Barbara
uO39--k_hrCFgZh-Bl8m8A,Taqueria Cuernavaca,Santa Barbara
wvD7TOuE-qUhkyXoi8K8hA,Taqueria El Bajio,Santa Barbara
RKuAfE06rDcetvOTI5MbbA,Taqueria El Buen Gusto,Santa Barbara
QBuyT7RmnVj2AnS3NfxIBg,Taqueria El Buen Gusto,Carpinteria
GyWxMEMzRZJ-mb6OAq7jyA,Taqueria El Pastorcito,Santa Barbara
N-CBZKO37y_WSUN7ZMNGkg,Taqueria El Pastorcito,Santa Barbara
hRoAwkrCWaqjBuYs4i9EYw,Taqueria La Colmena,Santa Barbara
ygZyTUWS4dbVL8d6vAiN4A,Taqueria Rincon Alteno,Santa Barbara
vNRTLUP22o1X3sMURoiB9A,Taqueria Rincon Alteno,Carpinteria
sk0IM8koYo1o9-k_rpkmxQ,Taqueria Santa Barbara,Santa Barbara
iuTj4Se42VUto09Stkiq4A,Teavana,Santa Barbara
FpNhzu3w0XgyedhOLDuK8g,Teddy's By The Sea,Carpinteria
rPVmM0aJbC6lU_mnDiZ2Rw,Tee-Off Restaurant and Lounge,Santa Barbara
6HKIfenWg3zt2CYx4D5r_Q,Tepeyac Taquitos,Santa Barbara
YB689VFiOlzUTBRPiauDFA,Terraza Cafe,Santa Barbara
1U8Kt44FIkC7RnJsNjaMTA,Teru Japanese Cuisine,Santa Barbara
j_m8zce-jSRQn5JmC633GQ,Test Pilot,Santa Barbara
kV1u9p8AEV7ItPlgXVODxA,Thai Kitchen,Santa Barbara
NTLvzcGNm4IUF_yXIwIhvA,Thario's Kitchen,Carpinteria
ctelO_ItYaUjIzD_AxZByg,The Bak Door,Goleta
fLfU-Gw7eWx-7kHQh2tH9A,The Barbecue Company,Carpinteria
kHOXo-IZSpixpctmHsGlyA,The Beach Grill at Padaro,Carpinteria
ctVn7wMvJX8f4Z9SnOnrHw,The Bistro,Santa Barbara
8Vo6LN9gqULhXzoxj5k6kQ,The Black Sheep,Santa Barbara
FH1sTH13rupNdANai7JFxA,The Bourbon Room,Santa Barbara
QNoFrASBpqW8dzdAEIYjNQ,The Brown Pelican,Santa Barbara
DbYZpG1O8Qknfk_IqXtHxg,The Cliff Room,Santa Barbara
oS02owt-XB2RtDbogYyn-A,The Coffee Bean & Tea Leaf,Santa Barbara
C9_UPkwXYx9B3fxNLkCHgA,The Coffee Bean & Tea Leaf,Santa Barbara
0f0l62WKla-j2cfnPn7P2Q,The Coffee Bean & Tea Leaf,Goleta
etqiTJ31Bl3Fuh3CWTSHxw,The Coffee Bean & Tea Leaf,Santa Barbara
-TSPsir3LSLO9vVBkvkqUw,The Coffee Bean & Tea Leaf,Carpinteria
6afesz8yZhjOgijkWl4jig,The Coffee Bean & Tea Leaf,Santa Barbara
ISptOKAGjQnnawYFOz3e4A,The Creekside Bar,Santa Barbara
wMZAnrfwV-qHiV5zdTSrzw,The Creekside Restaurant & Bar,Santa Barbara
ycbmvmBYk4w_ZmdrPL0tBQ,The Cruisery,Santa Barbara
R_8S3Iuhpzoi3nM-xq3kcw,The Daily Grind,Santa Barbara
yEmEDomLUofVtbZoUeFV5g,The Daily Grind Coffee & Tea Station,Santa Barbara
fiQxkb1pfPpvrr0oYYYBcA,The Daisy Restaurant,Santa Barbara
OM5beWRkxZSu1TShUC3EDw,The Drunken Crab,Santa Barbara
7Bu1EQENC0M77VcU-jxATA,The Fig Grill,Goleta
o7NjFfP5ENPBLXsSnBcrlg,The French Table,Santa Barbara
cOoTIQ0RcudE1R5aRVZzdw,The Garden Market,Carpinteria
eCW_2UoyT2xxgcFGX8OyEw,The Good Bar,Goleta
4kfbEcAMepvkjt3H7INYBg,The Good Lion,Santa Barbara
O8rIa0Wvapju2iC9T1Hp8Q,The Good Plow,Carpinteria
dYNKHYBxA_SQZBrCKZi4JA,The Grilled Cheese Truck Stop,Goleta
EUzWWnvcx1pkkWxk2XV6QA,The Habit,Isla Vista
qyXcWGL5-bU_uV2VKxqzTw,The Habit,Santa Barbara
9u79dIXLQzmt9rnOZEnBaQ,The Habit Burger Grill,Santa Barbara
6EPPtwJR1kdIfHiCjzCzuw,The Harbor Restaurant,Santa Barbara
UiJiURqivPDuvMsFgRF3yQ,The Honey B,Santa Barbara
r2IhvKZQ_wLR5mLBnPOilg,The Honor Bar,Santa Barbara
USVks6B2Xkf0WLmLIiXqMA,The Hungry Cat,Santa Barbara
E6HHiJMCpTkjOsSly3kzeA,The Imperial,Goleta
9fJziJ3o9-QXKuKolg7yEA,The India Club,Goleta
1rC0hBT49gVljFQYTIGIaA,The James Joyce,Santa Barbara
oGDGlUbOjHxmmCh8ZYcDCg,The Lark,Santa Barbara
oTcezJoCe30NrwiNFsoLXQ,The Little Door - Santa Barbara,Santa Barbara
u9oG6CVhS9dJR5ZHS5q23A,The Little Things Bakery,Santa Barbara
4KAuy-zNBxD9QvnkldwEww,The Marquee,Santa Barbara
7tO1ZfWN6OEo1pWtdgxfqA,The Melting Pot,Santa Barbara
p5rXRkSJtAKcWd4GY71avQ,The Mex Authentic,Santa Barbara
c_a38vt6v2tRq-VjdTZHZw,The Monarch,Santa Barbara
lu2UpRHLBZfvLG_caNEHKQ,The Natural Cafe,Santa Barbara
Eqi8jrVowPBlCKAInDfFRw,The Natural Cafe,Goleta
k6Ptrc94R-Mk549pDEVTFA,The Natural Cafe,Santa Barbara
gAtJa5l8DC_IEBIp7ioTMw,The New Black BBQ,Santa Barbara
wb9P0ipW4ysbgNA9jIl3bg,The Nugget,Summerland
VfH9vj-kkAiAwvKYCKzQ0g,The Nugget Bar & Grill,Carpinteria
o9dB3ptlB9qdiOvJzMeSLw,The Nugget Bar and Grill,Goleta
4xBkP-W_WaOzBiP8yD7yvg,The Nugget Bar and Grill,Santa Barbara
bbEXAEFr4RYHLlZ-HFssTA,The Original Habit Burger Grill,Goleta
edJoBsse6nsF0BYh6pATAg,The Palace Grill,Santa Barbara
c8BFvdscjkhieg0C_rx6vg,The Palms,Carpinteria
3XjwPkcbuhssRwZKnoYOyQ,The Pan,Santa Barbara
wX4ap0Qy5ZK6Hy2iKvBqXA,"The Pasta Shoppe, LLC",Santa Barbara
a9K3jxNUUe6jr1uh8FsakQ,The Patio Cafe Santa Barbara,Santa Barbara
q75UQjNm6AEK4XNnkDLxTQ,The Project -- Corazón Cocina & Taproom,Santa Barbara
bkCM8JR0ti4WHtG19DKgfA,The Pub,Santa Barbara
j8c8WFqySY1eybnkJfgjSg,The Revere Room,Montecito
e63pcbZaXxSY_YyhBol-bw,The Roundhouse,Santa Barbara
yqJuEIGZpA9ILqCuBCWDkQ,The Savoy,Santa Barbara
jfRq1KtjEGyPoMo9HZVw2Q,The Set,Santa Barbara
SYHDOHRNAH-2xsw3XB5qbg,The Shop Kitchen,Santa Barbara
nTZuJSfwCoNOyA1yS3rbOQ,The Silver Bough,Santa Barbara
onLwomlGswMhhmOEAeAVEg,The Spot,Carpinteria
NWiDQblpKeZwcHio6oEzUA,The Study Hall,Isla Vista
YgS10SCzw13uGiC0wTDiaQ,The Taj Cafe,Santa Barbara
PFEC0Z-5rT7l_DR6cySCOQ,The Tully,Santa Barbara
5vObJIHLO-QOMrw_MvC4rA,The Worker Bee Cafe,Carpinteria
W8a_FYH-405MtR9_0U7sQQ,The Worker Bee Cafe II,Goleta
zV71Cfo4_jnkpr5_KH2HWw,The Zia Cafe,Santa Barbara
PnT9JSoMirpKzY6TnG1HhQ,Three Pickles,Goleta
Pjurvl_qc3IEMxW38Kj3tg,Tiburon Tavern,Santa Barbara
eCnHSfwrco1Vs3m-iRcavw,Timber's Roadhouse,Goleta
-SS3ep20HKhuOhzDkkt9aA,Tinker's Burgers,Summerland
T9I4G6Or3sAbyYmB7c23hw,Tino's Italian Grocery,Santa Barbara
6EizP0XyqITuGZ8GZMI9Lw,Toma Restaurant & Bar,Santa Barbara
uFF40n9pOqHK1ciajdoSEw,Tony's Restaurant,Carpinteria
JD4yd4N8HCDziaJKJXk2yA,Tori's Oatmeal Lounge,Goleta
PgtqA056auCp5EbcZMbXPQ,Trattoria Mollie,Santa Barbara
fKrmWy4GFsrgdOYhN9pyZA,Trattoria Vittoria,Santa Barbara
S3QHy1sshUeZwXOYviVsXQ,Tre Lune,Montecito
lnGHZ_pEJNGT9pcGQ467Ew,Treehouse Restaurant,Santa Barbara
mjMJxBpW_Pg1b4duNPJsTA,Tri Tip Company,Santa Barbara
RtJC7xavgAxOITQyAlGCbQ,Tri-County Produce Co,Santa Barbara
zE8kXF0_2Twh4AhcewlFGw,Tsukemono,Santa Barbara
0WrdiQ4qJBu2Gc7wRcIfdw,Tupelo Junction Cafe,Santa Barbara
W5-2F8kftKARrEPLhQaZ8A,Tuttini,Santa Barbara
s27GlS3WCN7b4dxTpainrg,Twin Cups,Santa Barbara
0m0SQSIzM9WcDhJ7UEVCLQ,Ty Lounge,Santa Barbara
noiUCN8A9Vdm9pUbWX6K-w,Tydes Restaurant,Santa Barbara
Btm9ODncqCqYsnpawaHioA,Tyger Tyger,Santa Barbara
-M7wzxpUsdSkQd9PDGsJWA,Tyler's Donuts,Carpinteria
auh2m1mJ2ORJxpmPUJ9SYg,Ultimate Bagels,Santa Barbara
g6VJ6y-AzDGQy0Gj91UvUw,Unbearable,Santa Barbara
mAe2vv24uxf6MlR4-yXSSg,Uncle Chen Restaurant,Carpinteria
TCWnTa69sJ3vGQsdEe3Esw,Uncle Roccos Famous NY Pizza,Santa Barbara
8Lbz0hfE4MWzd7yDu9atBA,Uncorked Wine Tasting and Kitchen,Santa Barbara
2RtyOlU9mwyVisvgOECaDA,Uniboil,Goleta
eHRzuUXA2jrR99ecioWU4g,Union Ale,Santa Barbara
YANEffRwcoMTLMfmeY1Y8A,Urkeb,Santa Barbara
BEzvmorW8ILha6tcSxBBwA,Valentino's Take N Bake Pizza,Santa Barbara
DEmAmcR4xNilT5WY5ImEFA,Vegan GreenGO,Santa Barbara
GBD-YjcOD1nG0wv4L0Lvfg,Venus in Furs,Santa Barbara
e0DU7_0mfalr-lnyUafiag,Via Vai Trattoria Pizzeria,Montecito
dsNKRi0XlMm7JOWbVk0Nvw,Vicentas Mexican Cuisine,Goleta
ODvaMIpjD6bHiwQ9-kmECw,Vices & Spices From Around the World,Santa Barbara
R93mEcQ1pjq7q3LzShi3ow,"Villa Craft Beer, Wine & Kitchen",Santa Barbara
x1YPj22nR3b0S_fDVWTGZw,Vons Chicken,Isla Vista
yM7eA2uuH3Ch7OYVj3PKSw,Wabi Sabi,Santa Barbara
Hj8sSN8O_UTSCNkEO33q4g,Wahoo's Fish Tacos,Isla Vista
a1E2BPYnufFzb6YX2pplJg,Wahoo's Fish Tacos,Santa Barbara
nAZEMdurfbWLxl9dryfgeA,Wake Cup,Isla Vista
v_8DrVtUIHE0o62Ps926Yg,Wecook,Goleta
psZB8nX22WvadV3iUShUBg,Wendy's,Goleta
vyxxsn2l6ELF2Yoxr6BWcw,Westmont Dining Commons,Santa Barbara
pQ7eCSOtLI3CaZX-TEvX4A,Whale Tail Deli,Santa Barbara
s-iUpeKVCuPd5m4OJ3HixQ,Whiskey Richards,Santa Barbara
OODq_Mki-e929E8NfPc7-Q,Whitefoot Meat Market,Santa Barbara
scH9yupjqMr-XP3bzJGY0A,Wildwood Kitchen,Santa Barbara
5vIfUavd23X3lBzjnnc4QA,Winchell's Donuts,Santa Barbara
_P-0kP5DboEd5p0OqDorFA,Wine + Beer,Santa Barbara
5tVPbd0gJZHyEEWpXW7vCg,Wing's Restaurant,Santa Barbara
U1Gc3wKN5viu_e68KJVOdQ,Wingman Rodeo - Milpas Street,Santa Barbara
0c28ysQJ_M1fVToTFV-FWQ,Wingman Rodeo - Montecito Street,Santa Barbara
EBuSqlpzzyfZZkEgPxVV1Q,Wingstop,Santa Barbara
cbkrO0zra1OiNGvtjw2igQ,Wok On the Wild Side,Goleta
Oeaerj6kDDBRGnUh0wLAvA,Woody's BBQ,Santa Barbara
TSwMwVq5GtQh5LW2t32uGA,Woody's Roundup Bar & Grill,Santa Barbara
ddm-u31cWT7Uq097opQUuQ,XO Burger,Santa Barbara
T5serOgucL236udCsZI0jA,Xanadu Bakery,Santa Barbara
wmEZ3OqLuD1Z6b3mJSl1yg,Xo Coffee & Tea Bar,Goleta
jKocMyXjEqgb9dL9S5vrEA,Yankee Noodle,Santa Barbara
KxTipxTtvRDOntfze34NPw,Ye Olde Butcher Shop,Santa Barbara
q-1ICFSqs2MwDGfe5tX-SQ,Yellow Belly,Santa Barbara
k27OsQ3Bwpkr_cZkS2BO2A,Yen Ching Restaurant,Santa Barbara
e-iakFOQCVEEr0-ygBKPog,YoYumYum Frozen Yogurt,Carpinteria
syuKX2pH3JJhOOppzNI6SA,Yoichi's,Santa Barbara
WUGRmrfSzQCyeG6mYAM-vw,Yona Redz,Santa Barbara
cVW9b_1bqsvTU1jhGNWUsw,Yoshinoya,Santa Barbara
PVo1orQ9R7ZHfg90QACh-w,Your Choice,Santa Barbara
O2lFAWD2WXXx5EKkzPutWQ,Your Place Thai Restaurant,Santa Barbara
rh6O8NtKJUhqZ0G2Pkpj2Q,Yume Sushi Japanese Restaurant,Santa Barbara
VW7GMzoQNMqTs9_cM26LLw,Zaffiro,Goleta
uZYBF0YTU_iKq4_L_PDtMQ,Zaytoon,Santa Barbara
I0jFTYVDs-WHwKR2XHQlRA,Zen Yai Thai Cuisine,Santa Barbara
y8RbDyDJd-zGcgThqIZWDg,Zizzo's Brew Pub,Goleta
krTxH1a9kzWgwvt3PVH8pQ,Zookers Cafe,Carpinteria
52ov7d0148JvYG78_c-Bsw,goa taco,Santa Barbara
rU8HgGMR8Qd8_SkvKANdEA,iGrill Korean BBQ,Santa Barbara
CF1Gj1KGL13QcDkUwOvS3g,iGrill Korean BBQ,Santa Barbara
